review,voted_up,hate
핵 잡아,False,8
진짜 지금가지 해본 게임 중 가장 최악이다,False,8
거이 준상이 수능 점수,False,8
정신병 걸림,False,8
진짜 개좆같네 팀원들이 싹다 장애인 개새끼들 아오 존나 패버리고 싶다 시발 키리코 개쌔끼는 지가 딜런줄 알아 병신새끼가 그ㅜ래놓고 힐 689 개새끼 시발럼 아오 로드호그 개쌔끼 킬 어시 뒤짐 개쌔끼 진짜 지금 생각해보니까 존나 빡치네 개쌔기들아 보고있냐 시발,False,3
ㅈ같음,False,3
미국 사막지대 고속도로 위에 덩그러니 있는 이상한 술집에서 서빙하는 탈색머리 성병 매춘부 같은 이름을 가진 캐서디라는 카우보이가 출연하는 하프언럭키 하프럭키 콩코드임,False,5
학원 토껴가며 했던 친구 랭크에 열등감 갖던 시절의 나에게 귀빵망이 때려주고 싶은 게임,False,8
하나님이 보고있다면 욕함,False,8
무료자누 개꿀이자누,True,8
빠대 매칭이 시발 팀 킬뎃이 23배 차이나게 매칭이 되냐 이딴식으로 쳐 잡을거면 시발련들아 일반전 패넢티를 쳐 주지 말던가 무력하게 지는 판 연속으롭 붙여놓고 나가면 나가냐고 개지랄 떠는거 보면 블자 본사 타이어로 다 터트리고 싶음,False,3
옵치1 오베때부터 쭈욱 4000시간을 했지만 할때마다 스트레스받는 시간이 압도적으로 많음 그냥 안하는걸 추천 예전엔 재밌었지 나온이후로 점점 이상해지는거 같더니 지금은 두가지 경우밖에없음 아무리 똥꼬쑈를 해도 결국에는 지는판 팀에 트롤있는 경우 내 할거만 어느정도 하면 별 노력도 안하는데 그냥 이기는판 팀이 정상인 경우 게임이 두가지 유형밖에 없고 1번 비율이 90퍼센트 넘는 느낌 첫한타 두번째 한타 애들 보면 이게임은 지는판이다 느낌이 옴 무조건 지는판 유형 딜러한명은 말도 안되는 데스에 처참한 딜량이 나와있음 하다보면 연승하는게 더 무서움 연승하고나면 꼭 연패로 이상한인간들 무조건 연속으로 붙여주니까 그게 더 무서워 많이 하다보면 어느새 연승 연패 반복되서 결국은 승률 50퍼센트로 맞추어나가는 갓벽한 게임 승패시스템 어떤경우라도 더이상 재미가 없음 1번은 희망고문처럼 될거같은데 결국은 안되서 너무 힘들고 2번은 내가 뭘해도 이기니까 재미있을리가 없지 내가 뭔가를 하는것보다 팀에 트롤이 있냐 없냐가 더 중요해서 게임이 좌지우지되는 느낌 재밌는 경우도 있긴하지 그게 20판하면 한두판 될까 말까한게 문제지 하다보면 내가 이걸 왜하고있지 느낌이 계속 듬 누가누가 한자아이디 중국인이 많은가 던지는애가 많은가로 승패가 갈려 이게 재밌으려고 하는겜인지 내가 스트레스 받으려고 하는건지 정신병 유발게임 도저히 더는 못견디겠다 웬만하면 하지마요 정신이 망가지는게 느껴짐,False,8
걍 재밌음,True,8
저의 기가막힌 에임과 판단이 미슐랭 3스타급의 조화를 이루어 흡사 마우가 3000 시간의 장인의 플레이를 구현해낼수 있는 좋은 게임 이라고 생각합니다,True,8
요새 진짜 재밌음,True,8
메르시 빼라고 씨발년아,False,3
색칠놀이 그만해 씨ㅣㅣㅣㅣㅣㅣㅣㅣㅣ발ㅇㅇㅇㅇㅇㅇㅇㅇㅇㅇㅇㅇㅇㅇㅇㅇㅇㅇㅇㅇ,True,3
확실하게 재미는,True,8
훌륭한 게임까진 아니더라도 이렇게까지 낮게 평가될 게임은 절대 아니라고 봄 부정적 리뷰들을 보면 다들 너무 흥분한 느낌 대체로 긍정적 정도가 적당한 평가수준인거같음,True,8
살짝 설렛어,True,8
오버워치사랑해,True,8
새끼들은 머리에 나사가 풀려있음 같은 실력이랑 붙여주지도 안고 좆같은 스킨들만 찍찍 만들어내는 꼬라지가 그냥 양산형 중국 게임 그자체임 2를 만들어내는지 짱개들은 핵쓰느지 핵 방지 프로그램이 있으면 뭐해 5판중 3판이 핵인데 씨발 진짜 블리자드 내가 걱정돼서 하는 말임 옆동네 발로란트 보고 배워,False,0
그냥 핵도 못잡는 개쓰레기 게임임 짱개들은 두말할것도 없고,False,0
핵좀 처 빨리빨리 잡아라 ㅄ들아,False,3
꿀잼,True,8
핵갓겜 핵듀오트롤은 신경도 안쓰면서 욕만 밴하는 게임,False,8
롤을 이겼던 게임은 오버워치 외에 존재하지 않지,True,8
게임이 친절하고 캐릭터가 맛있어요,True,8
이놈들아 그놈의 주둥아리하고 채팅창은 다 끄고 하면 평화로운데 게임의 상황은 평화롭지 않은게 문제렸다,True,8
겜이 여러 영웅을 플레이 질리지않고 재밌네요,True,8
고아들이 많아요,False,8
망겜임,False,8
재미있ㄲ으ㅁ,True,8
접었다가 요새 일간 다시 해보면서 느낀 게 밸런스는 차치하고 영웅 설계 면에서 할 말이 많음 라이프위버나 모이라 메르시 같은 뻔하디 뻔한 극소수의 특정 조합을 맞춰야만 벨류가 살거나 설계 실패로 성능조차 안나오고 변수도 못보는 영웅으로 팀원에게 불쾌감과 아쉬움을 선사하고 있음 빠대고 경쟁전이고 마찬가지임 최소 비등비등하거나 이겨야 재밌는 게 게임이지 누가 질려고 게임함 대놓고 지라고 만든 영웅들을 냅두는 게 문제임 누구나 쉽고 접근가능한 영웅을 만들 거였으면 그것이 가능한 영역 역시 확실히 정해놓아야지 경쟁전에서 무지성으로 꺼내게 만들면 나머지 플레이하는 팀원의 시간은 사기짐작은 감정은 딜러 매칭시간 점유율 줄이겠답시고 원거리 딜 개 모기 ㅈ도 안되는 딜량 박히게 해놓은것도 정말 불쾌하고 최첨단 대구경 리볼버와 커다란 레버액션 소총 가지고 조그만 생체탄보다 딜을 못넣는다는 게 상식적으로도 플레이적으로도 이해가 되질 않음 무엇보다 이딴 챔프들 냅두면서 아니꼬운 채팅하면 추천점수 깎이고 정지먹는 게 어이도 없고 개발자 니들이 게임 해봐 욕 나오는지 안나오는지 암만 미국쪽 애들 입김이 쎄다지만 이건 아닌 같음 엄연히 조합과 팀워크로 운영해야하는 게임인데 프로필 비공개와 스트리머 모드 이딴 기능은 있는 거임 팀합을 맞춰야하는데 내 팀 닉네임도 잘하는 영웅도 스탯도 못보면 그게 팀게임이냐 정치질과 욕설 그거 막으라고 차단 기능 있는거고 PC범벅 된지 오래라 신고 먹이면 금방 제제됨 PC적인 요소를 집어넣을 거였으면 게임에 미치는 영향을 엄밀히 검토를 해서 옵치1처럼 포지션별로 즐겨쓰는 영웅 3줄씩은 표시되게 두던가 내가 프비공 안쓰면 해제 하고 일정 기간 지난 후에 상대방 것도 볼 수 있게끔 해줘야하는 거 아님 스트리머 모드는 개나소나 다 스트리머임 PVE고 밸런스고 나발이고 이전에 게임성에서 불쾌한 점이 너무 많다 그걸 감내하고 게임하기에는 사람인지라 스트레스만 쌓여가는 게 짜증남 스팀 평가가 그걸 증명해주고 있음 진짜 괜찮은 그래픽 스토리 UI 가지고 이딴 운영밖에 해내질 못하는 블리자드 엿먹어라,False,8
개 야발 게임 진짜 망했나 3일연속 새벽에 패작만 만나고 본티어가 마 그마 와리가리 하는 힐탱유저인데 플다유저 새벽반은 다던지나 만나는 힐러는 다 라위 메르시 라위는 시작하면 일딴 탱커 끌고 노는데 바쁘고 딜러들은 매판 평균 16데스 가까이 쳐박으면서 게임하고 매칭시스템 진짜 잘못된거 아니냐 내팀에만 이렇게 넣어주고 적팀은 다 멀쩡하냐 3일 연속 매칭 이러니까 진짜 게임 있는정 없는정 다떨어져 나갈것같네 옵치 처음나왔을때부터 지금까지 안쉬고 해왔는데 전에는 이상하게 계속 연승하면 연패하고 이상하게 승률 50퍼 맞추는 매칭만 계속 하더만 이제는 패작만 만나는 매칭은 머야 도대체,False,8
허구한날 정치 핵 트롤 패작 난무하는 망겜임 이거할바에 발로하러감,False,8
그냥 병신게임,False,3
오버워치 1보단 운영 잘하는 듯,True,8
심오하다,True,8
재미있다,False,8
게임은 재미있는데 못한다고 욕부터 하는 팀 할 맛 떨어짐 경쟁전이 면 이해하겠지만 빠대 에서도 이러니,False,8
애미뒤진 겜 힐러가 개 씨발 딜러보다 쎄면 누가 딜러함 롤처럼 딜은 딜만 힐은 힐만 탱은 탱만하게 해야지 씨발 뭐 아나가 힐 안하고 딜쳐하고 모이라가 딜쳐하고 병신겜 할바엔 폰허브 솔져 리퍼 게이섹스나 보러가셈 Worst fxxing game ever Rather than playing this game youre better off watching soldier and reaper gay sex uploaded to pxxxhub,False,3
핵쟁이 대처랑 히트스캔 정상화만 하면 최고일 게임,True,8
에임봇 ESP,False,8
재밌다,False,8
똥,True,8
진짜 겁나 재미있고 팀워크도 늘어나는듯,True,8
병신장애인게임,False,3
그까짓 힘으로 감히 빨리 한국 영웅 더 주세요 1년 안에 안 주면 블리자드 앞에 오물풍선 투척함,True,8
완죤 꿀잼,True,8
블리자드가 돈이 정 급했으면 스팀에 무료로 푸는게 아니라 자기들이 직접 오버워치 여캐들로 만든 야겜을 스팀에 16000원 정도에 올렸다는거 진짜 유저 평가 되는 스팀에는 뭔 말을 듣고 싶어서 올린지 모르겠음,False,8
압도적으로 최악인 100 500 Overwatch 오버워치 오버워치의 대부분의 문제점은 운영과 악성 유저에 의한 것이다 ① 2024년 9월 기준 최근 빠른 대전 플레이 리플레이 부검 시 20판 중 1617판 빈도로 핵쟁이가 많음 ② 안티 치트 프로그램의 부재 유저들의 신고 누적으로 제재하기에 완전 티나는 핵만 잡힘 핵 제작자가 악의적으로 사람들에게 핵을 배포 후 머신러닝으로 더 정교한 설정값을 찾는 중 과정에서 탄생한 게 투사체 핵 ③ 불쾌하고 무력한 매칭 연승 시 연패한 팀원을 넣어주는 통나무식 알고리즘 ④ 의도를 알 수 없는 영웅 밸런스 딜러는 약하게 힐러는 강하게 탱커는 탱킹만 할 수 있게 서로의 의존도가 심하게 높아지는 괴이한 구조 ⑤ 게임의 꼴이 이런지라 표독하고 악랄하고 추악하고 비양심적인 사람들의 비중이 압도적임 ⑥ 줏대 없는 운영 말 바꾸기 스캠 정치적 사상 표출PC주의 불통,False,8
으악 고급 시계 여기서도 ㅈㄹ하지마,False,3
병신들아 총이 30m거리에서 피해감소 돠는게 말이 되냐,False,3
리퍼 퇴물관짝쓰레기,True,3
너무 재밌어서 폭발할거같아요ㅗ,True,8
시발 좆도 재미없는 게임 애들이 하는지 1도 이해가 안감,False,3
재밌습 한번 해보샘,True,8
주노가 재미있다,True,8
병신게임 빠대 탈주 페널티 없애라,False,3
추억의게임,True,8
재밌어요,True,8
개똥겜,False,8
역시 옵치다,True,8
갈비탕 레시피 1갈비는 찬물에 34시간 정도 핏물을 빼주세요 중간에 물을 23번 정도 갈아주면 좋아요 요 과정을 거치면 고기 누린내 없이 드실수 있답니다 2핏물 뺀 갈비는 끓는 물에 5분정도 살짝 삶아내고 삶은 고기는 찬물에 헹궈 준비합니다 3다시 냄비에 물을 15컵 정도 넣고 삶아놓는 소갈비 8개 양파12무13마늘8대파를 넣고 2시간 정도 뚜껑을 덮고 끓여 줍니다 불은 중약불로 해주세요 국물이 줄어들면 중간에 따뜻한 물을 넣어가며 끓여 주심 됩니다 무는 너무 익으면 맛없으니깐 중간에 꺼내주세요 4체반에 갈비탕 국물을 따로 받아내고 5미리 꺼내 놓은 무는 먹기 좋은 크기로 썰어주고 6국물에 썰어놓은 무갈비를 넣고 국간장2다진마늘05를 넣고 한소끔 더 끓여 줍니다 뜬 기름은 숟가락을 이용해 걷어주세요 드셔보시고 부족한 간은 소금으로 마지막에 썬 대파 후춧가루를 넣어 마무리 해주세요 7갈비탕 완성 기호에 당면을 불려 넣어 드셔도 좋답니다 번거롭지만 집에서 끓여 먹는 갈비탕 국물이 깔끔합니다요,True,8
주먹 주먹 주먹 주먹 주먹 주먹 주먹,False,8
ㅈ망겜ㅋㅋ,False,3
친구들이랑 하면 재밌어용,True,8
게임이 안들어가져요,False,8
이게임은 PVE 컨텐츠랑 사용자 지정게임 말고 건질게 없음,False,8
재밌음,True,8
오버워치망해라,False,8
정신차리고 열심히 패치는 함 그렇다고 갓겜이 되진 않았지만 전성기의 옵치를 즐겼던 유저라면 해봄직 할듯,True,8
재미가 없냐,False,8
몇년만에 하는데 더 병신겜 됨 탱커밸류가 너무사기고 유저들 수준도 그대로 ㅋㅋ잼민이 없는 성인겜일텐데 힐러가 딜러보다 쌤,False,3
진짜 나의 중고딩20살 군대가기 전까지 인생을 갈아넣었다 그만큼의 가치가,True,8
양학 개많음,False,8
안해,False,8
팀 뭐함,True,8
똥겜,False,8
걍 모르겠고 배틀넷 로그인 자체가 진짜 뭣같음,False,8
애들 패치를 하면 누구는 각성하는데 누군는 ㅂ신이 되는거냐,False,3
탈출은 지능순입니다 유저 수준이 너무 떨어지고 게임도 다 망해서 유저가 없어요 항상 중국인 껴있습니다 즐기는 사람들은 다 접고 성질 더러운 진짜들만 남은 게임입니다 혹시라도 복귀 할까 싶으면 마음 접으시길 바랍니다,False,0
옵치1 역할 고정 없을 때부터 탱2딜2힐2 지금 1탱 2딜 2힐까지 왔는데 몇년 변한게 있냐 캐릭 출시를 많이 했어 맵을 더 만들었어 뭘 했어 만든다고 무한 정켄슈타인 돌리고 나온게 똥쓰레기임 그렇게 얘기하던 PVE는 어디감 그거로 스토리 풀어준다면서 이럴거면 개발 함 몇년 째 요원 소집만 하는 유인원 새끼 대가리 안후림 예전엔 렙업하면 상자 줘서 그거로 무료 스프레이 스킨 음성 얻는 맛 있었고 크레딧으로 상깡 가능했음 유료로 옵치 주고 시작했지만 가챠 못 참아서 질렀었음 근데 지금 무조건 정가임 스킨 하나에 31000인데 이걸 돈 주고 병신임 팀포가 그래픽만 좋았어도 옵치는 뒤졌을게 분명함 병신겜,False,3
캐릭터 디자인 BGM 타격감이 뛰어나고 미국 카툰식 화풍도 깔끔한 느낌을 준다 협동 슈터게임으로서 게임성 자체는 완벽에 가깝다고 생각한다 그에 반해 협동 게임 특유의 정치질 게이머가 많다는 점과 과도하게 비싼 부분결제 요소는 꽤나 거슬리는 편이다,True,8
정말 뭐같은 팀 매칭시스템만 정말 좋을 게임 제재좀 확실히좀 해주세요 존나 화나니깐,False,3
게임 재밌나요 시작해 보려고 하는데,True,8
베틀넷 없어서 좋음,True,8
솜브라 패치는 진짜 말도 안된다 이러면 누가 솜브라 씀 할거면 제대로 해라 제발,False,8
좆버워치,False,3
게임적응도 쉽고 재미있어요 꼭 해보세요,True,8
지나치게 높은 탱커체급으로 불쾌감만 높음,False,8
엄마가 많아져요,True,8
너네들은 가서 포르노나 만들어라,False,3
스팀 로그인이 안돼네요,False,8
오버워치를 해본다는 정신건강에 고르지 못하는 판단을 내렸습니다 여러분은 글을 보시면서 실수를 면하셨으면 좋겠습니다 감사합니다,False,8
탈모 걸리기 싫으면 이거,False,8
장난하나 초창기때 스타터팩이랑 다 적용 안되던거 아직도 못고치고 본사 고객센터에게 연락 하라고 하고 본사는 대답도 없고 환불은 안된다고 하고 뭐 해준다는 건지 이틀쨰 답도 없고 장난,False,8
유저 수질 좀만 더 유지하면 롤이랑 비비겠네ㅋㅋㅋㅋ,False,8
거듭된 패치로 그나마 게임이 되긴함,True,8
병x같은 운영이 게임 말아 먹은 케이스 게임을 하고 나면 블리자드 망했으면 좋겠다는 생각을 하게함,False,3
게임이 안 좋은 점 업데이트 이후 추천 레벨 3이상 사설게임 만들 수 오버워치1 같은 은장 금장 거 없어짐 피 존나 늘어남 거리데미지 ㅈ같음 걍 맘에 안듬 게임을 자꾸 쳐 망쳐놓음 오버워치 7년 한 유저가 극대노함,False,3
개발자 병신들아 하다하다 이제 방벽 관통 밖에 없는 라붕이를 건드리냐 개병신들아 내 라마트라 돌려내 할꺼면 라마 응징 대미지 자체를 2배로 하던가 아님 라인과 정커퀸도 방벽 못 뚫게 막아 개같은 개발진들아,False,3
재밌다,True,8
개재밌음,True,8
얘네가 뭔잘못을 했냐 신규 모드라면서 팀포 그대로 배낀 PVE를 만들겠다고 했다가 취소라도 했냐 트레일러도 팀포mvm 그대로 배끼기라도 했냐 한정스킨이라고 못쳐박다가 갑자기 상점에 돈주고 사게 쳐내기라도 했냐솔까 근데 이건 난 좋음ㅋㅋ 신캐들을 무조건 배패로 쳐풀어서 좆같게 하기라도 했냐 별 애미없는 모드는 쳐내면서 하나무라를 없애기라도 했냐 후 억까는 자제해주세요 지랄이고 할만함,True,3
잠깐의 심심함이 오버워치라는 심연을 또다시 들여다보는 실수를 만들었습니다 하루도 빠짐없이 스팀만 켰다하면 진행하는 알수없는 업데이트 어차피 승패가 갈리는 게임이라면 질수도 있지만 매판 나오는 조롱과 정치질 그렇다고 대체제가 없을만큼 재미가 있냐하면 그건 아닌 게임 약 10여년전에 게임을 그만뒀는지를 망각하고 잠깐의 무료함을 달래고자 다시 손을 대고 말았던 저의 능지를 탓하며 게임을 지웠습니다,False,8
라붕이 살려내라,True,8
콘텐츠 다운로드중이 겜 킬떄마다 뜨노,False,8
1편의 느낌을 재현하지 못한 아쉬운 맛,False,8
명작,True,8
하지 않을 이유가 없다,True,8
내 사랑,True,8
욕먹는지 이해 안돼는 게임,True,8
오버워치는 단 1마디로 설명 가능함 감다뒤,False,8
이거 안하지,True,8
개시발련들아 플레이 할 마다 컨텐츠 다운로드는 계속 시키는거냐,False,3
굿,True,8
혼자하면 정신병 걸릴거같음,False,8
뭐지 그윽한 똥내는 거기에 중독되어버린 나는,True,8
가장 미련하게 낭비하는 방법,False,8
아주 재미있는 게임입니다,True,8
할때마다 핵만남 딱히 핵 잡는거같지도 않고 걍 답없음,False,8
짱깨 봇 패작 잡지도 않음,False,0
콘텐츠 다운로드 적당히 해라 블리자드야 딱히 특별히 추가되는 것도 없으면서 게임 킬때마다 5분 10분을 버려야겠냐,False,8
게임 킬때마다 다운로드때매 5분 넘게 기다려야됨 재미는 있는데 이런거좀 곤쳐줬으면,False,8
너무 재밌지만 유저들이 너무 인성이 안좋네요,True,8
이거 게임 아니다,False,8
재미있당,True,8
ㅈ망겜,False,3
이딴게 게임,False,8
오버워치 E스포츠에 한국 게임단이 없는 이유가 한국 리그만 보면 다 외국기업이여 그만큼 운영을 x나게 못한다는거죠 라이엇 블리자드,False,3
ㅈ망겜,False,3
때우기 좋다,True,8
신캐가 안나옴,False,8
다들 사랑하시죠,False,8
재밋당,True,8
모이라 하지 말라고,False,8
재미있음,True,8
이거 함이거 할거면 발로란트 하고말지,False,8
당신이 많은 정치와 욕설을 견딜 수 있으며 멘탈이 갑이거나 실력이 좋다거나 인내심이 좋으시다면 게임을 절대 추천합니다 근데 이미 무료겜인데 제품을 무료로 받은 경우는 체크 해야되는것임,True,8
재밌다,True,8
지난 시대의 패배자,False,8
이거 왜케 평가가 안좋음 난 재미있던데,True,8
아제 인생 컴뷰터 게임입니다,True,8
끄으으응 뿌우우우우우우우우우우우우우우우우우웅 뿡 뿌우우우우우웅 부르르르르르르르르륵 푸르륵 뿌다다다다다다다다다다다닥 퐁당당 퐁다당 뿍 푹 푸드드드드드드드드득 풒 풒 뿌자자자자잦 푸터터터터터터턱 뿌타타타타탓 콰르르르르르르르,False,8
최고의 하이퍼 FPS 누가 반박할 수 있겠는가,True,8
ㅈ망겜,True,3
노잼인데 재밌음,True,8
얘들이 너무 못해서 재미가 없다,False,8
오버워치 하다가 쌈,True,8
망,True,8
별로 질리진 않고 롤 같은거 하다가 발로 하다가 재미 없어지면 이거 하면 개 재밌는데 진짜 해보셈,True,8
좆나 시작이 앉도ㅔㅁ,False,3
재밌다,True,8
병신겜 친구랑 하는거 하지마세요,False,3
재미땅ㅎㅎ,True,8
저혈압이라면 추천,False,8
진짜 이걸 이렇게 오래기다렸는데 PVE 몇년만에 해놓고 이거한다고 오버워치2도 무료로 하고 그랬는데 이걸 돈주고 사라고요 오버워치1은 돈주고샀는데 오버워치2랑 달리진게없는데 그래픽디자인이나 뭐 소소한거 달라지긴했는데 이거가지고 돈아깝네 게이나 트랜서젠더 상관없는데 그런이야기만 하고 66 나은듯 55되면서 힐러들은 이제 할 이유가 없네요 새로나온 영웅은 그냥 해볼수있는게 아니라 도전과제를 클릭한다음 35판을 승리해야만 영웅1개를 얻을수있네요 해보고 싶은 영웅도 해볼려면 오래걸립니다 대단하네 블리쟈드 도전과제로 35판 승리해야 영웅 풀어줬는데 영웅들 게임 150판정도하면 다풀어주는걸로 바꿨네요 사람없나보네요 게임했던사람 잡히고 그러네요 망한듯,False,8
콘텐츠를 킬 때마다 다운을 받아야하나요 오래걸리네,False,8
망겜이라고 생각했는데 해보니깐 개씨발좆망겜이었음,False,3
이만한 겜은 없다,True,8
재밌음,True,8
넘쳐나는 핵과 그냥 보통 유저들도 롤 저리가라할정도로 호전적임,False,8
볗스ㅟㄴ게임이 뭔 게임 실행할때마다 콘텐츠를 설치한다고 5분인가 게임도 못하냐 재부팅할때마다 무결성검사해도 아무것도안뜨는데 뭘 설치를 쳐한다고 재부팅할때마다 ㅈ랄이신지 대단한게임납셧네,False,3
살다살다 오버워치를 스팀에서 플레이를 다하네 오래살고 볼일이다 틀딱아님,True,4
재미는 있는것 같으나 1이 그리운편 아가들이 너무많아,True,8
옹 재밌는데,False,8
너무 존잼 루인 구독 ㄱㄱ씽,True,8
실력만 좋으면 정말 잼밋습니다,True,8
류진노 기무크라이,True,8
버그,False,8
개 갓겜,True,8
시이이이이팔 상자내놔,True,8
재미있다,True,8
티어 측정 방식에 새로운 시도가 필요한 게임 블리자드식 50 맞추기 매칭 내다 버리자,False,8
72시간으로 경쟁크레딧 4040 앙기모띠,True,8
6대6이나 롤백해라,False,8
힐러들 힐안함 옵치하지마셈,True,8
계정만 있으면 개꿀띠,True,8
재밌음 근데 1이 더 재밌었음,True,8
재미있음,True,8
솔직히 배그해보고 발로 해보고 FPS게임들 가지 다 해봤는데 개인적으로 10점만점에 8점정도로 나쁘지않고 재밌음,True,8
갓겜이,True,8
경쟁전도중에 튕기고 업데이트로 못들어가서 탈주패널티 걸리는 개병신게임,False,3
옵치1때 안해봐서 지금이라도 하는데 개재밌음 앞으로 더할예정,True,8
왜인지는 모르겠는데 계집년들이 좋아하는 게임 반반한 계집 사냥하러 종종 하는 게임 계집들 안했으면 하지도 않을 겜,True,3
위도우 키리코 주노 디바 누드스킨이나 줘라,False,8
뭐 개병신 장애인 같은 게임이 다 있냐 시발 게임 만든 새끼 엄마 후장 따고 보지 안에다가 주먹 넣고 돌려 버리고 싶네 개븅신 찐따 겜 개 좆같아서 쳐 지운다 씨발새끼야 아론 캘러 븅신새끼야 블리자드 직원 전부다 일자로 세워둔 윈스타 테슬라 건으로 조져서 아앙 아앙 신음 ㅈㄴ게 내게 하고 싶네 이시발새끼들아 게임 좆망해서 유저 수 나가 떨어지니까 주노 엉덩이 디자인 개꼴리게 쳐 내는게 12세 게임이 맞냐 시발새끼야 12세가 없는 개좆틀딱 조선시대 선비들이 쳐 하는 게임 개보자 같은 게임에 몇백시간 투자한 내 인생이 후회된다 발로란트보다 나은점이 하나도 없는 게임 내일 블리자드 본사 찾아가서 거기서 불 지르고 오줌 싼다 내가 이렇게 화났냐면 시발 탱커 다이아 승급전 앞두고 연패했는데 그건 그렇다 치는데 연패 끊는 판이었는데 갑자기 오버워치 개튕겨서 15분 정지 쳐 당하고 점수는 22 그대로 쳐 깍아가고 게임은 렉 하나도 안 걸리고 원할하게 돌아가는데 유독 게임만 쳐 튕기고 서버와 연결이 끊기는지 모르겠음 패작한 새끼 핵 쳐 쓰는 새끼들은 밴 쳐 안 때리고 나같이 던지는 새끼한테 욕 몇번 했다고 1달 정지 쳐 하는게 맞는거냐 욕설 정지 벌써 7번인가 쳐 당했다 무튼 이제 놔줄 때가 된거 오버워치 개좆찐따 퇴물 새끼야 잘 살지 말고 이따가 덤프트럭에 치어서 죽어버려라 꺼져 씨발새끼야,False,3
역시 오버워치,True,8
요즘들어 패치 방향성도 좋다 아쉬운 점은 진작 잘하지,True,8
오랜만에 스팀으로 깔아서 다시해봤는데 PVE 유기한다면서요 PVP라도 좋아야하는데 첫 판 만에 핵 만났어요ㅋㅋㅋㅋㅋㅋㅋㅋㅋ,False,8
인증할때 사람인가요 10단계 뭐야 진짜 다하면 틀리다 하고 또해도 하나틀리면 실패하고 분명 다맞는데 이정도면 ai가 열받게할려고 다맞아도 틀리다고 하는거 같은,False,8
난 재밌었어 힘내,True,8
재미는,True,8
꿀잼,True,8
스팀으로는 탭 뭔키누르니까 자꾸 스팀뭐떠서 별로인거말고는 게임은 재미있어요 라고 옵1 4시즌유저,True,8
재밋어요,True,8
스팀 처음이자 마지막으로 리뷰 남겨본다 좋았던 부분은 다 도려내고 진짜 개병신겜 됐네,False,3
승률 50퍼 매칭 망겜,False,8
전작을 뛰어 넘는 속편 없다는 속담이 생각나는군요 총쏘며 스트레스 푸는데는 최고의 게임이라 생각합니다,True,8
여친이랑 재밌게함 요즘 굿굿,True,8
주노 덩덩이,True,8
이게임 재밌어요 찍먹 해보세요하하,True,8
5대5 될 느꼈지만 점점 히오스화 되고 있음 내가 아무리 잘해도 팀원 한두명이 못하면 역캐리 당하고 지는게 당연해짐 그러면서 내가 뭘 실수 했는지도 배울 틈도 없이 판이 끝나고 담판으로 가서 똑같은 원숭이짓 함 게임하면서 생각해야 할 개념이 많은데 정작 인게임에서는 가르쳐주는 것도 없고 가이드도 부족해서 다들 원숭이화 되는 무한 루프에 걸림 아무리 생각해도 탱커 1명으로 줄일게 아니라 힐러를 1명으로 줄여야 함 힐러가 보니까 유저 대부분이 FPS에서 가장 기본인 엄폐와 포메이션 개념을 안 배우고 꼴박하고 정치질하는 배움 인게임에서 FPS 기본 개념이라도 가르쳐주면 몰라 그냥 빨리빨리 담판가죠 밖에 없어서 배우는거 하나도 없이 던질 녀석은 백날 던지고 남탓하고 다시 게임 돌리고 던짐 무한 반복임,False,8
중국인이랑 매칭 안 시키면 나름 괜찮음,True,0
경쟁전 하지마셈 진짜 큐 개같이 잡아줌 개빡침,False,8
오버워치 2로 넘어오면서 뭔가 뭔가임,False,8
개재미있음,True,8
로그인창 사람인증 만든새끼 누구냐 뭔 오래 걸리는걸 10단계나 만들어 걍 안해,False,3
섭종 언제하냐,True,8
블자가 약속을 파토낸 덕에 떡락한 민심 게임은 재밌음,True,8
똥겜,False,8
처음 시작하고 3판째에 솔져 에임핵 만나는데 끄고 삭제해벌임,False,8
존나 재밌다,True,8
탱커 너프먹이면서 탱커는 다시 순살로 돌아오고 탱유저들이 개판이거나 잘없으니깐 다시 매칭이 잘안히고 무엇보다 탱이 재미없음 이래저래 1인 탱체제라 탱역활이 중요한데 욕먹기 좋은 포지션이라 하기싫음 요즘 재미없습니다 지루하더라도 6인으로 다시 돌아가던가 탱을 싹다 뜯고 고치는 방법밖에없음 3포지션 체제가아니 4포지션 체제도 나쁘지 않은 방향이라고 생각함,False,8
사람들은 망겜이라고 하는데 솔직히 인정은 함 근데 자주말고 가끔씩하면 재밋음,True,8
재밌어요,True,8
로그인 과정 개 복잡함 예전 생각나서 해봤는데 ㅈ노잼,False,3
똥맛카레,False,8
굿,True,8
절대하지마,False,8
고급시계,True,8
옵치1이 훨재밌음,False,8
꿀잼,True,8
위도우메이커 재밌어요,True,8
같음 하지 마셈,False,8
섹스하고싶다,False,3
완전 엉망이예요 진짜 엉망이예요 이렇게 쓰레기 같은 게임을 해본 적이 없어요,False,8
확실히 옛날 맛에서 중국산 조미료를 추가한 느낌임 옛날의 잊을수 없는 신선함과 재미에서 새로들어온 건강에 ㅈ나 안좋은데 뭔가가 맛있는 맛이 추가가 됨 중국산 조미료라 해서 몸에 안좋은거 의식하고 먹으면 꺼린데 무시하고 하면 재밌음 근데 건강에 안좋은만큼 오래하면 질릴듯 가끔씩 생각날때마다 해주면 확실히 재밌을꺼임 점차 나아지는 모습 보이니깐 굿임,True,3
6대6이 나음 1때는 메인탱커 죽어도 서브탱커가 어느정도 버티는데 지금은 메인탱커 죽으면 게임이 터짐,True,8
개처재미없네 병신겜,False,3
좋은 에임연습 게임,True,8
진짜 오보오치 준나 재밌어요 꼭 하세ㅕㅛ,True,8
최고의 게임,False,8
개새끼들,True,3
박스 오피스 1등한 그게임 트레일러가 정말 멋지고 키리코가 꼴려요 제발 하세요,True,8
할만함,True,8
윽,True,8
정공겜 한 판에 플레이어 인원이 2명 많던 오버워치 1이 재미있었다,False,8
진짜 제발 하지마세요 제발 개발진여러분 이러시는 이유가 있을거아니에요 처음 나왔을땐 좋았잖아,False,8
폰헙 시뮬레이터,True,8
그래도재밌긴 하잖아,True,8
ez가 언제부터 욕인가요,False,8
하면 재미씀,True,8
게임이 최적화가 잘 되어있고 쉬워서 좋아요,True,8
게임은 애미가 뒤진게 분명하다,False,3
ㅄ정공겜,False,3
오버워치1에 비해 영웅도 맵도 많아졌지만 재미 자체가 없어짐,False,8
망겜인거 같습니다 개인적인 생각이므로 깊히 생각 해주지 마시길 바람니다 정IN호,False,8
하지말라는데는 이유가 에휴,False,8
이거 캐릭터 다 무료 아니였나 흠이네 진짜 게임이 아닌거 같은데,False,8
빠대까지 매칭 줄인다고 34티어 분포로 잡아버리는 매칭 개좆병신게임,False,3
좇같은 핵쟁이병신같은 뉴비 개같은플레이 조작법 오버워치,False,3
게임 자체는 재미있음,False,8
게임 자체는 재미있음 배틀넷유저임 착한유저들도 존재하지만 대부분 정신이 나가있으며 경쟁전을 일반게임 50승을 전제조건으로 걸어 놓은 다양한 영웅들을 잠금 시켜놓은것이 마음에 하나도 들지 않는다 운영사는 생각이 없으며 게임에는 미래가 없다 지금 처럼 잘 운영한다면 하는 사람만 하게되는 썩어버린 게임이 될것이 분명하다 여기에 현질할 생각하지 말고 책을 사서 읽던가 게임을 사서 플레이 하던가 그냥 치킨이나 먹는 것을 아주 강력하게 추천한다 처음에 리뷰를 보고서 호들갑 떨고있네 그냥 정신나간 게이머가 게임에서 지고 화를 푸는것인줄 알았다 아니였다 게임을 하다보면 게임을 잘하고 싶고 애정이 생기고 게임이 잘되었으면 하는 마음이 생기기 마련이다 근데 개발사의 운영과 게임 영웅을 해금하기 위해선 기재된 판 수 이상을 플레이 해서 해금을 시키는 배짱인지 모르겠다 그냥 게임에 애정생기기 전에,False,8
게임이 맛있고 사장님이 불친절해요,True,8
재밌습니당 꼭 해보십셔,True,8
잘하고 싶다,False,8
오버워치 1로부터 수년이 지나고 나서 스팀으로 오버워치 2를 플레이했는데 블리자드는 점점 하락세를 걷는다지만 지금 봐도 UI와 스킬 아이콘 타격감 사운드 그래픽 정말 깔끔하고 매력적이다,True,8
스팀덱으로도 하기 괜춘 키마 연결하면 데탑 똑같음 TV연결은 해상도에 눈물 나지만 스팀덱으로 하는 거라 괜춘,True,8
여러 캐릭터가 바뀌긴 했지만 옛날에 했던 그리운 느낌 지금도 재밌고 불편한게 몇가지 있긴 다 좋은데 대체 게임 100판해야 캐릭터 해금되는 조건을 추가한건 누가 제안한거냐,False,8
하지마그냥 제발,False,8
신캐 나온것들 궁금해서 해보려는데 캐릭터는 죄다 잠겨있습니다 조합 반 강제로 맞추는 것도 그렇고 왜이리 유저가 억압받아야되는지 모르겠네,False,8
쟤는 볼을 했을까,True,8
개쌉존잼 꼭해봄셈,True,8
가끔 두세달에 한두판씩하면 재밌음,False,8
겜중에 아무 이유없이 튕기는데,False,8
솜브라 너프,True,8
ㅈ망겜 왜함,False,3
좆망 겜 좆망 겜 좆망 겜 좆망 겜 좆망 겜 좆망 겜 좆망 겜 좆망 겜 좆망 겜 좆망 겜 좆망 겜 좆망 겜 좆망 겜 좆망 겜 좆망 겜 좆망 겜 좆망 겜 좆망 겜 좆망 겜 좆망 겜 좆망 겜 좆망 겜 좆망 겜 좆망 겜 좆망 겜 좆망 겜 좆망 겜 좆망 겜 좆망 겜 좆망 겜 좆망 겜 좆망 겜 좆망 겜 좆망 겜 좆망 겜 좆망 겜 좆망 겜 좆망 겜 좆망 겜 좆망 겜 좆망 겜 좆망 겜 좆망 겜 좆망 겜 좆망 겜 좆망 겜 좆망 겜 좆망 겜 좆망 겜 좆망 겜 좆망 겜 좆망 겜 좆망 겜 좆망 겜 좆망 겜 좆망 겜 좆망 겜 좆망 겜 좆망 겜 좆망 겜 좆망 겜 좆망 겜 좆망 겜 좆망 겜 좆망 겜 좆망 겜 좆망 겜 좆망 겜 좆망 겜 좆망 겜 좆망 겜 좆망 겜 좆망 겜 좆망 겜 좆망 겜 좆망 겜 좆망 겜 좆망 겜 좆망 겜 좆망 겜 좆망 겜 좆망 겜 좆망 겜 좆망 겜 좆망 겜 좆망 겜 좆망 겜 좆망 겜 좆망 겜 좆망 겜 좆망 겜 좆망 겜 좆망 겜 좆망 겜 좆망 겜 좆망 겜 좆망 겜 좆망 겜 좆망 겜 좆망 겜 좆망 겜 좆망 겜 좆망 겜 좆망 겜 좆망 겜 좆망 겜 좆망 겜 좆망 겜 좆망 겜 좆망 겜 좆망 겜 좆망 겜 좆망 겜 좆망 겜 좆망 겜 좆망 겜 좆망 겜 좆망 겜 좆망 겜 좆망 겜 좆망 겜 좆망 겜 좆망 겜 좆망 겜 좆망 겜 좆망 겜 좆망 겜 좆망 겜 좆망 겜 좆망 겜 좆망 겜 좆망 겜 좆망 겜 좆망 겜 좆망 겜 좆망 겜 좆망 겜 좆망 겜 좆망 겜 좆망 겜 좆망 겜 좆망 겜 좆망 겜 좆망 겜 좆망 겜 좆망 겜 좆망 겜 좆망 겜 좆망 겜 좆망 겜 좆망 겜 좆망 겜 좆망 겜 좆망 겜 좆망 겜 좆망 겜 좆망 겜 좆망 겜 좆망 겜 좆망 겜 좆망 겜 좆망 겜 좆망 겜 좆망 겜 좆망 겜 좆망 겜 좆망 겜 좆망 겜 좆망 겜 좆망 겜 좆망 겜 좆망 겜 좆망 겜 좆망 겜 좆망 겜 좆망 겜 좆망 겜 좆망 겜 좆망 겜 좆망 겜 좆망 겜 좆망 겜 좆망 겜 좆망 겜 좆망 겜 좆망 겜 좆망 겜 좆망 겜 좆망 겜 좆망 겜 좆망 겜 좆망 겜 좆망 겜 좆망 겜 좆망 겜 좆망 겜 좆망 겜 좆망 겜 좆망 겜 좆망 겜 좆망 겜 좆망 겜 좆망 겜 좆망 겜 좆망 겜 좆망 겜 좆망 겜 좆망 겜 좆망 겜 좆망 겜 좆망 겜 좆망 겜 좆망 겜 좆망 겜 좆망 겜 좆망 겜 좆망 겜 좆망 겜 좆망 겜 좆망 겜 좆망 겜 좆망 겜 좆망 겜 좆망 겜 좆망 겜 좆망 겜 좆망 겜 좆망 겜 좆망 겜 좆망 겜 좆망 겜 좆망 겜 좆망 겜 좆망 겜 좆망 겜 좆망 겜 좆망 겜 좆망 겜 좆망 겜 좆망 겜 좆망 겜 좆망 겜 좆망 겜 좆망 겜 좆망 겜 좆망 겜 좆망 겜 좆망 겜 좆망 겜 좆망 겜 좆망 겜 좆망 겜 좆망 겜 좆망 겜 좆망 겜 좆망 겜 좆망 겜 좆망 겜 좆망 겜 좆망 겜 좆망 겜 좆망 겜 좆망 겜 좆망 겜 좆망 겜 좆망 겜 좆망 겜 좆망 겜 좆망 겜 좆망 겜 좆망 겜 좆망 겜 좆망 겜 좆망 겜 좆망 겜 좆망 겜 좆망 겜 좆망 겜 좆망 겜 애미 터진 좆망 겜 좆망 겜 좆망 겜 좆망 겜 좆망 겜 좆망 겜 좆망 겜 좆망 겜 좆망 겜 좆망 겜 좆망 겜 좆망 겜 좆망 겜 좆망 겜 좆망 겜 좆망 겜 좆망 겜 좆망 겜 좆망 겜 좆망 겜 좆망 겜 좆망 겜 좆망 겜 좆망 겜 좆망 겜 좆망 겜 좆망 겜 좆망 겜 좆망 겜 좆망 겜 좆망 겜 좆망 겜 좆망 겜 좆망 겜 좆망 겜 좆망 겜 좆망 겜 좆망 겜 좆망 겜 좆망 겜 좆망 겜 좆망 겜 좆망 겜 좆망 겜 좆망 겜 좆망 겜 좆망 겜 좆망 겜 좆망 겜 좆망 겜 좆망 겜 좆망 겜 좆망 겜 좆망 겜 좆망 겜 좆망 겜 좆망 겜 좆망 겜 좆망 겜 좆망 겜 좆망 겜 좆망 겜 좆망 겜 좆망 겜 좆망 겜 좆망 겜 좆망 겜 좆망 겜 좆망 겜 좆망 겜 좆망 겜 좆망 겜 좆망 겜 좆망 겜 좆망 겜 좆망 겜 좆망 겜 좆망 겜 좆망 겜 좆망 겜 좆망 겜 좆망 겜 좆망 겜 좆망 겜 좆망 겜 좆망 겜 좆망 겜 좆망 겜 좆망 겜 좆망 겜 좆망 겜 좆망 겜 좆망 겜 좆망 겜 좆망 겜 좆망 겜 좆망 겜 좆망 겜 좆망 겜 좆망 겜 좆망 겜 좆망 겜 좆망 겜 좆망 겜 좆망 겜 좆망 겜 좆망 겜 좆망 겜 좆망 겜 좆망 겜 좆망 겜 좆망 겜 좆망 겜 좆망 겜 좆망 겜 좆망 겜 좆망 겜 좆망 겜 좆망 겜 좆망 겜 좆망 겜 좆망 겜 좆망 겜 좆망 겜 좆망 겜 좆망 겜 좆망 겜 좆망 겜 좆망 겜 좆망 겜 좆망 겜 좆망 겜 좆망 겜 좆망 겜 좆망 겜 좆망 겜 좆망 겜 좆망 겜 좆까,False,3
갑자기 재미지는게임,True,8
옵치착한 아이에요,True,8
똥,False,8
디바 키리코 빵댕이 볼려고함,True,8
Mother less blizzard MMR matching system The game operation is brainless If we win time they try to make lose for 5050 win rate Its was official matching system and make this game most historical unlike game in steam Over 200000 people spit on Blizzard The proof is over 폐급 게임은 같은 실력의 사람끼리 매칭을 잡아주지 않는다 잘하던 못하던 평균 승률 50프로로 매칭을 시키기 내가 3판을 이겼으면 내가 3판을 지도록 매칭을 잡아준다 게임을 하다보면 실력이 오르는데 실력이 오르면 오를수록 우리팀은 점점더 폐급들을 잡아준다는 말이다 하던 사람은 접고 악평은 늘고 신규 유저는 적으며 서서히 힘들어지는 플레이어의 게임환경처럼 게임이 점점 망해갔다 처음 나왔을때 롤에 비빌만하던 게임을 운영으로 말아먹고 덤으로 정치적 올바름이니 PC니 뭐니 하며 또말아먹었다 꼬라지가 흑어공주 같은걸 만들다 수조를 날린 디즈니와 디즈니는 수조를 날리고 정신을좀 차렸는데 이게임은 어떨지 모르겠다 덤으로 블리자드의 메니저는 경영진들에게 게임을 스팀에 올리지 말자고 했다 이유는 개발진에게 쏟아질 toxic 힐난이 개발자들을 힘들게 할것이라는 이유였다 이무슨 헛소리인가 게임을 만들어 놓고 팔아놓고 구매자가 게임평가를 못하게 해야한다고 말하는 메니저라니 마이크로 소프트가 블리자드를 인수한수 인원들을 자르는데는 정확한 이유가 저런자들을 돈주고 고용하겠는가,False,3
게임 개발진들한테 사기당해서 추천은 못한다 기본이 오버워치 1에서 가져온거라 가끔하면 재밋다 그걸 상쇄할만큼 여태 개발한 방향이 좋지 못하다,False,8
내 돈,False,8
한명이라도 트롤이 있을경우 초보자 입장에선 승리확률이 0입니다,False,8
150판 해야 캐릭터 주는건 아이디어임 왓더봑이네,True,8
옵치만 7년차 지겹지만 겜하려고 컴퓨터 키면 옵치부터 킬려함 습관이 되버림 옛날이 더 재밌었지만 아쉬운거지,True,8
핵 대리 패작이 한게임에 있는걸 본 전 그만 이게임을 지워버리고 말았답니다 하지마세요,False,8
무료임,True,8
재미있음,True,8
친구랑 하기는 좋은데 시발 힐러들의 힐량이 딜더들의 데미지보다 커서 뒤지질않아 수발거 거기다가 암살자 캐릭들 포텐 다죽여나서 힐러들 죽이기도 쉽지않음 파티플로 하면 모르겠는데혼자할땐 합 안맞아서 존나 힘듬 종합병신겜,False,3
내 6대6 돌려내,False,8
망겜 TOP5,True,8
완전 엉망이예요 진짜 엉망이예요 이렇게 쓰레기 같은 게임을 해본 적이 없어요,False,8
정병겜2,False,8
전여친 같은 느낌임 하다 보면 딴 겜 생각나고 딴 겜 하면 옵치 생각남,True,8
정신건강에 해로운 게임 akdrpa in,False,8
망겜인데 재밌음,True,8
할만 한 게임은 역시,True,8
심리적 문제를 겪는 분들이 많이 게임을,False,8
지금의 오버워치가 마음에 들지 않는다면 여기로 와주세용 9명의 남자들은 언제나 당신들을 두팔벌려 환영합니다,True,8
외국인들만 엄청 많고 재미도 갈수록 점점 떨어짐 1617년도가 제일 좋았어요 gg,False,8
에임 필요없는 fps게임,True,8
재미는 있는데 혼자하기는 싫어,True,8
개1병1신 같은거 계정 연동 이딴식으로 병1신같이 해둘거였으면 그냥 스팀에 쳐 내지를 마 씨1발 하1자년들이 그냥 지들이 계속 떡락하는지 이유를 모르나보네 병1신 그냥 롤한테 계속 뒷구멍 따이는 이유를 모르는구나 아니다 그냥 이리 하러가죠 이터널 리턴 접속해서 루미아섬 사랑 해주세요 감사합니다ㅗㅗ,False,3
콘코드 하고 오니까 오버워치가 갓겜인 걸 깨달았어요,True,8
오버워치 아나 출시 때부터 한 유저입니다 오버워치 2도 정말 많은 기대를 했죠 기대는 정확했습니다 아오 너무 재밌더라구요 오랜만에 해서 그런지 경쟁 매칭이 5분 걸리더라구요 정말 좋았습니다 손을 풀 수 있는 시간까지 마련해주는 게임 이런거 잘 없거든요 정말 희귀합니다 유저들이 제가 게임을 못할 조언을 해줍니다 접어라 ㅂ12ㅅ 쳐 접어라 이렇게 조언을 해주곤 합니다 정말 감사하신 분들입니다 게임 사용자 지정 게임이 메인인 게임인거 같은데 정말 컨텐츠가 풍부하고 마인크래프트와 샌드박스식 게임처럼 많은 것이 가능한 게임인 것을 알게 되었습니다 신캐들도 정말 매력적이에요 주노라던가 주노라던가 주노라던가 뭐 두더지도 있고 사이버 오줌싸개도 있고 정말 매력적이고 다양한 신캐들이 저를 반겨주었습니다 오랜만에 게임을 이렇게 재미있게 한 것은 이번이 처음입니다 정말 감사합니다 저는 블루 아카이브 하러 가보겠습니다,True,3
솔직히 저도 오늘 처음 10시간 채운 뉴비입니다 게임은 뉴비들도 재미있게 플레이할수있는 아주 좋은 게임이라고 말하고 싶습니다 여러분들 고민하시지 마십시요,True,8
존나 노잼이네 힐러만하면 자꾸나만죽이는데 잼민이는 겜하지마삼,False,3
정크랫 준비 완료,True,8
살릴거 내 69000원 돌려줘,False,8
안하는지 모르겠음 너무 재밌는데 많이들 하길 바라요,True,8
발로하다가 넘어왔는데 헤드 맞고 한 방에 안뒤져서 좋음 2시간 이상하면 멀미남 우엑,True,8
개좆망겜,False,3
플레이하면서 이상한 신념가진놈들 꼭있음 못하면 에임챔 하지말 라ㅣ고 시,False,8
게임이 티어가맞지않은 사람들이나오고 초보들이 몰살당하는데 이걸하는게맞나 싶어요,False,8
게임 억까가 매우 심함,False,8
할만하고 ㅠ재미있음,True,8
하고싶은 캐릭 업적으로 막아두는 ㅄ겜 롤이나 발로는 게임하면 재화 주고 그걸로 내가 원하는 캐릭 살 수라도 있지 업적으로 막아두는거는 진짜 그냥 판수박아 무조건 게임 많이 해 이거 이상도 이하도 아님 그냥 악질임 이러니 1도 망하고 2도 메이저 겜이 못 되지,False,3
남탓의 게임화,False,8
스팀으로 옮겨주니까 편해,True,8
뭔 빠른 대전 두 세판 돌리고 나서 이상한 오인큐가 나가는데 맞는가,False,8
시대 최고의 게임 FPS게임들과 다르게 클린한 게임분위기와 적은수의 핵쟁이들 서로가 서로를 응원하며 더욱 집중하게됨,True,8
핵은 모든 총겜 문제라고 생각하긴함 겜이 유저가 문제가 많지 요즘 재미는 있음,True,8
난 재밌는데,True,8
h1 포르노 공장 h1,True,3
짱깨 껴있으면 게임 난이도 폭증,False,0
솔직히 재밌어서 자존심상함ㅋㅋ,True,8
즐겜하기 좋음,True,8
하시다 보면 늘 먹던 맛에 어디서 본 같은 기시감이 드는 판이 나오는 경우도 있습니다 그러한 맛 속에서 새로운 맛을 찾아내고 친구들과 그러한 맛을 나누는 것은 즐겁습니다 그리운 맛이기에 가끔 되돌아보게 되는 게임입니다 친구들과 하면 재미있는 게임이지만 친구들과 하면 더 재미있을 게임도 많기에 한 번 즈음 켜기전에 생각을 해보심이 좋을 같습니다,True,8
게임이 많이 실망 시킨적은 있지만 요즘은 다르다 패치자 자주 나오고 재밌는 이벤트나 밸런스를 봐꾸고 재밌어졌어요,True,8
진짜 괴식인데 묘하게 중독되어서 끊을 수 없게 되어버린 느낌,True,8
병신겜,False,3
솔직히 재미없다곤 못하겠다,True,8
시그마 개재밌다 해봐라,True,8
시발럼들아 겜을 아주 좃까치도 만들어놨네 경쟁전하려면 50판을 처이기라고 개염병하고 있네 그냥 가만히 놔두면 반은 갔을 게임을 이지랄로 만들어놨네 처음에 옵치 욕할때 우리가 게임 재미없다고 욕했어 아니잖아 핵 잡아달라매칭시간 줄여달라 한거잖아 다른거 아무것도 건들지말고 이거 두개만 바꿨으면 진짜 아직까지도 사람들이 재밌게 했겠다 자꾸 게임을 건드려 개씹빠가 새끼들아,False,3
내 과거의 모든,True,8
벤처 지워라,False,8
1시간동안 게임한 내가 너무 한심하다 옛날 생각도 나서 오랜만에 할까 했는데 진짜 너무 재미없네 추억은 추억으로만 기억하는게 좋겠다,False,8
유저들 수준이 너무 낮음 오랜만에 왔는데 팀 차이 탱 차이 힐차이 딜차이 겜 내내 이러고있음 상대팀 조롱은 덤이고 차단하면 그만이라지만 협력해서 이기는 재미로하는건데 뭐하는건지 모르겠음,False,8
그냥 망작임 시즌 1에 있었던 팀보이스는 아예 하지를 않고 게임을 하는 사람들은 그냥 따로따로 플레이 함 이건 절대 팀 게임이 아니며 혼자서 멱살 캐리는 절대 불가능함 절대로 설치하지 말고 쳐다도 보지 마삼,False,8
망겜인데 계속 하고 있는 나를 보면 절망적임,False,8
개좆롤 하다가 추억삼아 옵치 와봤는데 그렇게 망겜소리 듣는 옵치가 롤보다 재밌노,True,3
오랜만에 했는데 별로인 부분도 있었지만 재미는 있었으요,True,8
게임 수준 압도적으로 부정적 평판 압도적으로 부정적 게임사 압도적으로 부정적 운영 수준 압도적으로 부정적 밸런스 패치 수준 압도적으로 부정적 DLC 가격 압도적으로 부정적 팀빨 수준 압도적으로 부정적 최적화 수준 압도적으로 부정적 서버핑 수준 압도적으로 부정적 경쟁돌리는데 핑터져서 졌다 개망겜이 서버가 감자라서 안들어가졌는데 이걸 경쟁밴을 때리네 어지간한 망겜도 이정도는 아닐거다 제발 섭종했으면 좋겠다 병신을 위해 50기가를 투자할 가치따위는 없다 제발 대규모 그룹 경기 만든새끼는 사냐 그냥 뒤지는게 답이다 세상에 게임은 없었다 이것은 게임인가 산업폐기물인가 스팀에서 깔았는데 배틀넷 계정 연동에 평가가 부정적에서 올라가지도 못하는데 이정도면 스팀에서 내리는게 맞지 않을까,False,3
초보들 위한 좋은 캐릭터 있으면 좋겠어용,True,8
이개똥같은 게임 섭종하냐,False,8
게임 같네 근데 이만하게 없으면 개추ㅋㅋㅋㅋㅋㅋㅋㅋㅋㅋㅋㅋㅋ,True,8
비쥬얼은 맛없게 생겼는데 막상 먹어보니 나쁘지않은 음식같은 느낌,True,8
솔까 재미는 있음,True,8
애증으로 하고 있지만 이제와서 새로 할 훌륭한 게임은 아닙니다,False,8
사실 오버워치를 좋아하는 거 아니니,True,8
쉽게 즐길 수 있음,True,8
진짜 그냥 너무 재밋음 캐릭터도 다양해서 좋아요ㅕ,True,8
리퍼 탄퍼짐 줄인거 굿 그림자 밟기 속도 단축 굿 이제 우클릭도 넣어주고 리메이크 한다며 버프랑 리메이크는 말이다 리메이크 한다고 한 지 올해 2분기는 더 지난 거 이쯤이면 리퍼 유저들 속인거다 옆동네 유희왕은 푸른눈의 백룡도 헝그리 버거 덱 지원카드 나오고 상향 받는다 이건 뭐하냐고,False,8
히히 재밋다,True,8
처음엔 재밌겠다고 생각하는 당신은 조용히 뒤로 가기 버튼을 누르시기 바랍니다 계속하다보면 어느새 본인의 스트레스는 꼭지까지 열리기 직전에 상황을 마주하게 될겁니다 빠대나 경쟁전을 하면 내가하면 느그영웅이 되고 남이하면 우리영웅이 되는 신기한 마술을 보게 됩니다 PVE 처음엔 기대를 많이 했는데 긴 세월동안 만든게 꼴랑 3개 밖에 없더군요 퀄리티라든지 사운드라든지 생각보다 좋으면 아무말은 안하겠지만 취향도 아니었습니다 PVE 용 하나사는데 18600원 너무 선넘지 않습니까 그것도 환불도 불가능하다는 아이러니 옛 정 생각해서 바르고 고운말을 쓰고 싶지만 이번엔 그럴 수가 없었네요 실력은 늘긴 커녕 게임 할때마다 욕만 튀어나오고 항상 화가 나있는 상태가 지속되다보니 이러다간 스트레스 쌓으면서 게임하는거 같아 그냥 유기할려고 합니다 새로운 PVE나오면 다시 키겠지만 PVP는 힘들어서 못하겠어요 추가 오버워치 탈출은 지능순 하면 할수록 스트레스는 쌓이고 유저들 수준은 떨어져서 결국엔 계삭을 하고 튑니다 여러분들 아시겠죠 탈출은 지능순입니다 빨리 탈출하십쇼,True,8
ㅈ같이 재미없네,False,3
갓겜 JOAT,True,3
욕하는애들이랑 외국인애들만 할만함 근데그게 80퍼,True,8
재밌어요,True,8
악귀의 소굴 이말 끝 수다방 가지말것,False,8
오랜만에 하면 재밌지만,True,8
전체채팅을 쓸려고 하니 레벨이 낮아서 채팅이 안된다고 하는데 채팅에도 랭크 시스템이 있나요 랭도 아니고 일반 매치 중도탈주에 쿨타임이 존재한다는게 말이 되십니까 있다쳐도 301시간 이런씩으로 순차적으로 주지 않나요 시절 옵치 이리 됬습니까,False,8
노잼,False,8
핵방치하는 버러지게임 메카브레이크 나오기전까지만 함,False,8
오버워치3 대기방,False,8
오랜만에 하니까 추억돋고 좋네요,True,8
게임 아님,False,8
게임자체는 재밌음,True,8
옵치 출시후 1년 만에 돌아와서 몇판을 해봤다 오랜만에 해서 그런지 너무 재밌었고 접었는지도 기억이 잘 안 났었다 다음날에도 전날과 들어왔는데 곧바로 내가 이게임을 접었는지 기억할수 있게 됐다 탱커 매치을 돌리자 마자 들어오는 딜듀오 끊임 없는 정치질과 욕설 추억은 추억으로 남을때가 가장 아름답다는 말이 괜히 있는게 아닌것,False,8
이제는 게임이 너무 해비해서 재미없음,False,8
주노가 너무 이뻐용,False,8
둠피스트 삭제해라,False,8
블자에서 2는 죄악이다 조만간 오버워치2리저렉션 나오고 더지랄난다에 블자사장 부랄 2쪽을 검,False,3
맨날 6연속 지고 개빡쳐서 삭제식 한다음 며칠있다가 다시 까는 게임이라면 사실 갓겜이 아닐까,True,8
걍 꿀잼,True,8
굳,True,8
굿,True,8
리황 진짜 씹간지네,True,3
무슨망할게임너무쓰레기인데혹평놀기싫어,False,8
그냥 해,True,8
맨날 망겜이다하면서 꾸역꾸역 이거만한거 없어서 하고있는 나를 볼수있음 게임자체는 재미있는데 말이지,True,8
탱커좀 강하게 만들어줘라 뭔 하루종일 쳐맞다 끝나네,False,8
개버러지 게임 시발 벤처 개새끼가 뒤질려고 환장했나 니거새끼 돈없어서 임플란트도 못하는새끼가 돌이나 씹어먹고,True,3
로봇 인증만 17번하고 걍 때려침,False,8
돌고돌아 오버워치,True,8
공겜,True,8
꿀잼,True,8
개판싸움,False,8
인증 망겜,False,8
평가를 하자면 이게임은 아주 재밌따,True,8
가볍게 게임하기 좋음,True,8
죽지도 않았던 겜이지만 사후지원을 해야하는지 잘 보여주는 병1신1갓겜,True,3
블리자드 게임 완전 좆망게임,False,3
망겜ㅇㅈ,False,8
하지마세요,False,8
ㅈ같은 게임,False,3
개꿀잼,True,8
병신게임 배틀넷 계정 관리에 문제가있으니까 플레이하는데 지장생김,False,3
ㅈ병신겜 매칭돌리면 우리팀에 무조건 던지는놈이나 포꼬있음,False,3
게임 그래픽 90년대 초반 게임처럼 보임 약간의 향수를 자극하는 수준 평범하지만 눈에 거슬리지는 않음 꽤 현실감 있는 비주얼 영화보다 더 생생한 느낌 사운드 음악 소리 꺼놓고 플레이하고 싶음 배경음이 단조로움 무난하게 들을 수 있음 분위기에 맞는 음악 사운드 트랙을 따로 찾아 듣고 싶을 정도 스토리 서사 스토리가 있긴 한가 싶음 전형적인 클리셰로 가득함 그럭저럭 흥미로운 전개 몰입할 만한 이야기 끝까지 눈을 뗄 수 없는 서사 게임 플레이 조작감 조작이 답답하고 불편함 조작법이 어색하고 부자연스러움 적응하면 나쁘지 않음 부드럽고 직관적인 조작감 손에 착착 감기는 조작감 난이도 균형 너무 쉬워서 도전 욕구가 안 생김 단순하지만 재미는 있음 적절한 도전 의식을 자극함 꽤 어려워서 만족스러움 매우 어려워서 성취감이 큼 버그 최적화 버그 게임 진행이 어려움 중간중간 버그가 눈에 띔 크게 문제는 없지만 개선 필요 완벽하게 돌아감 최적화가 매우 잘 되어 있음 게임 길이 콘텐츠 너무 짧아서 아쉬움이 큼 중간에 지루해짐 알맞은 분량으로 즐길 수 있음 다양한 콘텐츠로 오래 즐길 수 있음 무궁무진한 콘텐츠로 가는 줄 모름 가격 대비 만족도 가격에 비해 너무 실망스러움 비싸다는 느낌이 듦 정도면 나쁘지 않음 가격에 비해 충분히 가치 있음 돈이 아깝지 않은 최고의 선택 멀티플레이어 경험 해당되는 경우 멀티플레이가 불편함 하는 게 더 나을 듯 적당히 즐길 만함 친구들과 함께하면 더욱 재미있음 멀티플레이를 위한 필수 게임 10 개인적인 추천 절대 추천하지 않음 크게 추천하고 싶지 않음 추천할 만한 부분도 있음 친구들에게 추천할 수 있음 누구에게나 꼭 추천함,True,8
진짜잘만든갓겜운영도참잘함,False,8
개븅신겜,False,3
비응신 유저들의 미친 정치질 능력 게임사의 엄청난 운영 개똥겜,False,3
굳,True,8
재밌다,True,8
DLC로 배틀패스 구매할 수 있게 해뒀으면 제발 구매 후 적용되게 해주세요 지금 구매한지 몇시간이 지났는데도 적용이 안되는게 말이 되나요 이번만이 아니라 배틀패스 새로 나올 때마다 그랬어요 도대체 이쯤 되면 게임들처럼 즉각 적용될 수 있게 고쳤어야죠 지금 스팀에 들어온지 지났는데 아직도 못 고칩니까,False,8
인생게임 말모말모,True,8
좆 병신 쓰레기 게임 십라 뭔 게임이 되야 하던가 말던가 하지 십새가,False,3
재밌음,True,8
게임이 정말 재밌어요,True,8
이걸 DLC라고 돈 받고 생각을 하다니 8년동안 개발진들은 뭐 한건지 알수 없다 디아블로4부터 망한게 보이네요 블린자두 녀석들은 게임을 발로 만드는거 같아 옵치가 발로런트 처럼 변한것도 문제지만,False,8
리그 오브 레전드,True,8
재밌나,False,8
15분 보고 안볼 사이인데 판하다가 채팅으로 상처받지 마시고 설정 소셜 텍스트 대화 탭으로 가서 팀 경기 텍스트 대화를 비활성화해놓고 채팅없이 즐겜하면 됩니다 PS 절취선 아래로 내용을 더 추가합니다 철취선 서론 추천을 많이 받아서 게임을 진입하는 뉴비들을 위한 글자 더 적어보도록 하겠습니다 뉴비를 위한 글이기 맵의 장점 영웅별 특징들은 플레이하면서 알아가도록 합니다 게임을 알아가야 하는 내용들이 많기 여기다가 적기에는 내용도 많고 숙련자들을 위한 글귀는 더 적을 것이 없기 여기에서 더 추가할 내용은 없습니다 숙련자가 되기 위해 게임을 알아가고 싶다면 YouTube 장문철 영상을 보세요 홍보가 아니고 뉴비들에게 도움이 되리라 믿습니다 게임 내 설정 뉴비들을 위한 모드설명 경기 팀 채팅 비활성화 방법 15분 보고 안볼 사이인데 판하다가 채팅으로 상처받지 마시고 설정 소셜 텍스트 대화 탭으로 가서 팀 경기 텍스트 대화를 비활성화해놓고 채팅없이 즐겜하면 됩니다 스트리머 닉네임 설정방법 스트리머 닉네임 설정하는 이유는 게임 중 자신의 닉네임을 숨기기 위한 용도로 사용합니다 전판에 만났던 유저가 있다면 자신의 닉네임을 가림으로써 플레이하는 데에 부담을 덜어줄 수 있는 요소 정도로 보면 될 같습니다 설정 소설 공개설정 스트리머 모드를 활성화 합니다 판 닉네임으로 보여지며 고급 설정 옆에 버튼을 눌러서 상세 설정이 가능합니다 F1 도움말 적극 참조 뉴비에게 있어서는 F1 번 버튼의 스킬설명은 사막의 오아시스와도 같습니다 잘 모르는 영웅을 플레이할 때에는 수시로 F1번 버튼을 눌러서 확인합니다 뉴비에게 권장하는 모드 뉴비는 게임을 플레이함에 있어서 영웅 간의 상성을 알 수가 없습니다 그렇기 무엇을 플레이해야할 지 모르는데 보통은 일반전의 역할고정 자유모드로 매칭을 돌려서 하는 경우가 대다수입니다 역할고정 자유모드로 매칭을 돌리지 말고 일반전 탭에 수수께끼의 영웅이 있습니다 게임을 시작하면 공산주의마냥 게임 시스템이 영웅을 강제로 배정해주는데 자신이 원하는 영웅이 아니기 영웅숙련도가 떨어질 수밖에 없고 숙련도가 높은 영웅이 걸리면 판은 어이없게 끝나는 경우도 있긴 영웅을 알아가기에는 수수께끼의 영웅 잘 설계된 모드가 없습니다 수수께끼의 영웅 플레이함으로써 뉴비들이 얻을 수 있는 게임적 요소는 아래와 같습니다 영웅들의 플레이 방법을 수박겉핥기 식으로 습득 영웅별 상성은 설계되어 있는가 중복 영웅 플레이에 대한 재미 수수께끼의 영웅을 플레이하다가 마음에 드는 영웅이 있다면 자유모드로 플레이해보기를 권장합니다 뉴비에게 권장되는 모드의 우선순위는 아래와 같습니다 수수께끼의 영웅 상대도 못하고 자신도 못하게 되기 플레이에 부담감이 가장 낮습니다 자신이 생각하기로 사기적인 영웅이 선택된다면 재밌는 모드가 없을 것입니다 일반전 자유모드 자신이 원하는 영웅들을 플레이할 수 있기에 수동적인 플레이보다는 능동적인 플레이를 하는 유저들이 더 많기 플레이에 부담감이 낮습니다 일반전 역할고정 게임에 대한 이해가 정도 잡혀있어야 포지션에 따른 팀 플레이가 가능합니다 서로에게 의존적인 수동플레이를 지향하기 플레이에 부담감이 높습니다 게임의 특징 게임에서 채팅이 가지는 기능은 칭찬 10 공략 도모 30남탓 비방 60 입니다 게임을 처음 진입하는 뉴비 게임을 이끌어나가고 영웅 간의 상성이 이루어지는 지 모르기 뉴비를 향한 비방성 채팅에 쉽게 노출되어 상처받을 수 있는 게임입니다 6대6 시절에는 정도 팀에 묻어갈 수 있었지만 현재는 5대5 팀 게임이기 한 명의 구성원이 중요한 게임으로써 남탓 비방을 하는 유저 혼자서 완벽한 플레이를 이어갈 수 없습니다 남탓 비방을 하는 유저도 완벽한 플레이를 보여주지 못하기 자잘한 자신의 실수들은 숨기고 타인을 비방하기 바쁩니다 부분들은 한 귀로 흘려들어 흘리거나 사람의 플레이를 지적하며 비방하세요 그게 답입니다 심한 욕설은 제재가 될 수 있으니 되도록 지양하는 걸 추천드리며 상대가 자신의 화를 이기지 못해 심한 욕설을 채팅으로 적는다면 뒤도 돌아보지 않고 해당 유저를 차단 박은 후 신고 버튼을 누름으로써 대응하기를 바라겠습니다 웃긴게 심한 욕설을 채팅으로 했을 제재를 먹는다는 큰 리스크가 따르기 악성 유저들도 심한 욕설을 하는 대신에 뒤로 돌려서 까는 경우가 더 많습니다 일부러 비방성 채팅을 통한 악성유저들이 있기 채팅에 그리 큰 의의를 두지 마시길 바랍니다 비방성 채팅을 피하고 싶다면 아래와 3가지를 이행해보세요 게임 중 p 키를 눌러 팀 경기 텍스트 대화 비활성화 스트리머 닉네임 설정으로 자신의 닉네임을 숨기기 악성 채팅 제재의 기준 채팅 제재의 기준은 당하는 사람 입장에 주관적으로 진행되는 같습니다 당하는 사람의 기분이 나쁘다고 생각되는 부분이 있다면 게임사에서도 채팅에 대한 심각성을 모르진 않기 부분을 많이 참고하여 적용시키려는 같습니다 탱 딜 힐 포지션으로 나뉘어져 있는 수동적인 게임시스템을 채용하고 있지만 보다 능동적인 플레이가 승패를 좌우합니다 남에게 바라는 플레이를 하며 남탓 비방을 하는 유저들은 결코 성장할 수 없습니다 남의 플레이를 바꾸는 건 불가능에 가까우므로 자신의 위치에 맞는 상황에 알맞는 선택을 이어나가도록 합니다 한도끝도없이 남탓 시비 거는 유저가 있고 티어가 떨어져도 상관이 없고 이겨도 이긴 같지 않다면 던져도 상관없습니다 이것은 오버워치2의 문화입니다 모드별 특징 뉴비에게 도움이 되는 주요 모드만 적어보겠습니다 일반전 위에 써놓은 글귀 복붙 수수께끼의 영웅 상대도 못하고 자신도 못하게 되기 플레이에 부담감이 가장 낮습니다 자신이 생각하기로 사기적인 영웅이 선택된다면 재밌는 모드가 없을 것입니다 일반전 자유모드 자신이 원하는 영웅들을 플레이할 수 있기에 수동적인 플레이보다는 능동적인 플레이를 하는 유저들이 더 많기 플레이에 부담감이 낮습니다 일반전 역할고정 게임에 대한 이해가 정도 잡혀있어야 포지션에 따른 팀 플레이가 가능합니다 서로에게 의존적인 수동플레이를 지향하기 플레이에 부담감이 높습니다 아케이드 3대3 5대5 섬멸전 오버워치2에서 한타를 해야 하는 지 배울 수 있는 모드 4대4 팀데스매치 한정된 맵공간에서 진행하는 팀데스매치 모드로써 게임모드보다도 영웅들을 빠르게 플레이해볼 수 있는 장점을 지닌다 임무 영웅 별로 게임에서 식으로 사용할 수 있는 지 간접적으로 배울 수 있는 모드이지만 많이 지루합니다 알려주는 데에만 초점을 맞춰서 만들어진 모드입니다 기준에서는 재미가 없어요 경쟁전 남탓 비방성 채팅이 난무하기 뉴비는 되도록이면 플레이를 지양합니다 경쟁전 역할고정 영웅별 특징과 게임맵에 대한 이해가 많이 자리잡혀 있는 유저에게 권장되는 게임모드 경쟁전 자유모드 영웅별 특징과 게임맵에 대한 이해가 많이 자리잡혀 있는 유저에게 권장되는 게임모드 뉴비들은 경쟁전은 되도록 하지 마세요 숙련도가 낮음으로써 확실하게 스트레스를 받을 것입니다 경쟁전을 체험해보고 싶다면 숙련도를 많이 필요로 하지 않는 영웅으로 진입해보세요 ex 메르시,True,8
압도적 부정적,False,8
프비공 없애 프비공 없애 프비공 없애 프비공 없애 프비공 없애 프비공 없애 프비공 없애 프비공 없애 프비공 없애 프비공 없애 프비공 없애 프비공 없애 프비공 없애 프비공 없애 프비공 없애 프비공 없애 프비공 없애 프비공 없애 프비공 없애 프비공 없애 프비공 없애 프비공 없애 프비공 없애 프비공 없애 프비공 없애 프비공 없애 프비공 없애 프비공 없애 프비공 없애 프비공 없애 프비공 없애 프비공 없애 프비공 없애 프비공 없애 프비공 없애 프비공 없애 프비공 없애 프비공 없애 프비공 없애 프비공 없애 프비공 없애 프비공 없애 프비공 없애 프비공 없애 프비공 없애 프비공 없애 프비공 없애 프비공 없애 프비공 없애 프비공 없애 프비공 없애 프비공 없애 프비공 없애 프비공 없애 프비공 없애 프비공 없애 프비공 없애 프비공 없애 프비공 없애 프비공 없애 프비공 없애 프비공 없애 프비공 없애 프비공 없애 프비공 없애 프비공 없애 프비공 없애 프비공 없애 프비공 없애 프비공 없애 프비공 없애 프비공 없애 프비공 없애 프비공 없애 프비공 없애 프비공 없애 프비공 없애 프비공 없애 프비공 없애 프비공 없애 프비공 없애 프비공 없애 프비공 없애 프비공 없애 프비공 없애 프비공 없애 프비공 없애 프비공 없애 프비공 없애 프비공 없애 프비공 없애 프비공 없애 프비공 없애 프비공 없애 프비공 없애 프비공 없애 프비공 없애 프비공 없애 프비공 없애 프비공 없애 프비공 없애 프비공 없애 프비공 없애 프비공 없애 프비공 없애 프비공 없애 프비공 없애 프비공 없애 프비공 없애 프비공 없애 프비공 없애 프비공 없애 프비공 없애 프비공 없애 프비공 없애 프비공 없애 프비공 없애 프비공 없애 프비공 없애 프비공 없애 프비공 없애 프비공 없애 프비공 없애 프비공 없애 프비공 없애 프비공 없애 프비공 없애 프비공 없애 프비공 없애 프비공 없애 프비공 없애 프비공 없애 프비공 없애 프비공 없애 프비공 없애 프비공 없애 프비공 없애 프비공 없애 프비공 없애 프비공 없애 프비공 없애 프비공 없애 프비공 없애 프비공 없애 프비공 없애 프비공 없애 프비공 없애 프비공 없애 프비공 없애 프비공 없애 프비공 없애 프비공 없애 프비공 없애 프비공 없애 프비공 없애 프비공 없애 프비공 없애 프비공 없애 프비공 없애 프비공 없애 프비공 없애 프비공 없애 프비공 없애 프비공 없애 프비공 없애 프비공 없애 프비공 없애 프비공 없애 프비공 없애 프비공 없애 프비공 없애 프비공 없애 프비공 없애 프비공 없애 프비공 없애 프비공 없애 프비공 없애 프비공 없애 프비공 없애 프비공 없애 프비공 없애 프비공 없애 프비공 없애 프비공 없애 프비공 없애 프비공 없애 프비공 없애 프비공 없애 프비공 없애 프비공 없애 프비공 없애 프비공 없애 프비공 없애 프비공 없애 프비공 없애 프비공 없애 프비공 없애 프비공 없애 프비공 없애 프비공 없애 프비공 없애 프비공 없애 프비공 없애 프비공 없애 프비공 없애 프비공 없애 프비공 없애 프비공 없애 프비공 없애 프비공 없애 프비공 없애 프비공 없애 프비공 없애 프비공 없애 프비공 없애 프비공 없애 프비공 없애 프비공 없애 프비공 없애 프비공 없애 프비공 없애 프비공 없애 프비공 없애 프비공 없애 프비공 없애 프비공 없애 프비공 없애 프비공 없애 프비공 없애 프비공 없애 프비공 없애 프비공 없애 프비공 없애 프비공 없애 프비공 없애 프비공 없애 프비공 없애 프비공 없애 프비공 없애 프비공 없애 프비공 없애 프비공 없애 프비공 없애 프비공 없애 프비공 없애 프비공 없애 프비공 없애 프비공 없애 프비공 없애 프비공 없애 프비공 없애 프비공 없애 프비공 없애 프비공 없애 프비공 없애 프비공 없애 프비공 없애 프비공 없애,False,8
똥망겜,False,8
하지마세요,True,8
쓸데없는 리캡챠 인증만 하루종일 저능게임,False,3
지로보센세 당신이 옳습니다,False,8
핵이 많아도 재미는 있음,True,8
노잼임,False,8
재밋더,True,8
흠,False,8
개재밋음,True,8
이제는 모두가 익숙한 하이퍼 FPS 1과 다르게 꾸준하게 업데이트 되고 있음 생각보다 저사양 PC에서도 돌아가는 온라인 FPS 게임 개발자의 편애인진 모르겠지만 특정 캐릭터의 고착화가 쉽게 보임 소소한 버그는 시즌이 지나도 잘 고쳐지지 않음 선한 유저나 악한 유저거나 상관없이 유저의 프라이버시를 소중히 생각함 시간이 지남에 유저가 많이 고이긴 했음 플래시 포인트 경쟁전을 제외한 컨텐츠의 경우 중도 난입이 있는데 중도난입에 대한 혜택도 없을뿐더러 탈주하면 패널티가 부여됨 플레이 타임 온라인 PVP 게임이라 딱히 플레이 타임은 없음 짧은 평가 제프카플란때보단선녀다,False,8
오버워치2는 정말 실망스럽습니다 블리자드의 지나친 PC주의는 게임의 재미를 심각하게 저해하고 있습니다 게임 내에서 표현을 사용하더라도 엄격하게 제재를 가하는 운영 방식은 정당한 이유 없이 플레이어들을 억압하고 결과로 인해 많은 유저들이 불합리한 제재를 받고 있습니다 게임 컨텐츠 자체도 실망스럽습니다 오버워치1과 비교해 큰 변화가 없고 새로운 요소들도 대부분 기존의 시스템을 재활용하는 수준에 불과합니다 게임의 핵심적인 문제점은 개선되지 않은 채로 남아 있으며 블리자드가 플레이어들의 의견을 제대로 반영하지 않는 같아 매우 실망스럽습니다 블리자드는 고객 지원에 대한 문제도 해결하지 못하고 있습니다 고객 문의에 대한 대응이 느리고 불투명한 제재 결정 과정으로 인해 유저들이 불만을 표출할 수 있는 방법이 제한되어 있습니다 이로 인해 플레이어들의 신뢰를 잃어가고 있습니다 운영 방식과 컨텐츠 수준으로는 게임의 미래가 어둡다고 생각하며 다시는 게임을 플레이하지 않을 것입니다,False,8
남탓 심한 게임 하다가 암걸려서 접음,False,8
이게임은 오리사가 제일 강합니다,True,8
걍,False,8
이아아앙아아아앙,False,8
오버워치 2의 장점 영구 무료화 엔진 업그레이드 신규 영웅 신규 전장 신규 스킨 신규 컨텐츠 VS 영웅 일부 리메이크 임무 미션 추가 오버워치 2의 단점 앞서 말한 장점들은 굳이 2편 아니었어도 1편으로 충분히 할 수 있었음 스킨 구매 전리품 삭제 현질 시스템으로 변경 스킨 가격 K물가급 고작 이것들 준비한다고 1편 없데이트 기간 2년 굳이 2편 아니었어도 1편으로 다 엎을 수 있던 것들인데 괜히 옵치2로 엔진 바꿔서 지1랄하겠다고 선언한 뒤 민심 안 좋을까봐 준비하던 거 그나마 1편에서는 못보고 2편에서 크게 보여줄 수 있던거 PVE 모드 PVE 모드는 1년 반 전에 개발 중단 그걸 이제 말함 아예 취소 된 건 아니고 전작의 4인 협동 플레이 처럼 한다 이게 웬 걸 정신 못 차렸나 이걸 유료로 비싸게 쳐 팔아 먹고 앉아 있네 PVE 모드 취소 이유 우린 아직도 LGBTQ 뇌절에 맛 들렸는데 그게 소홀해질까봐 PVE 아몰랑 귀차나 시전함 추가 소식 2024년 3월 23일 부로 PVE 개발 축소도 아닌 그냥 전면 취소됨 어이는 커녕 기대가 싹 다 뒤져서 알아서들 하라 사실상 망하는 자체가 불가능한 게임을 이렇게 망하게 만드는 것도 능력 잘하는 짓이다 블리자드 ㅇㅐㅁㅣD진ㅅㅐㄲㅣ들아 진작에 D졌구나,False,3
1때가좋았다 이제 이게임은 추억으로 간직해야겠다,False,8
개씨1발 망겜,False,3
너무재밌고 가끔식화나긴하지만 최고에요,True,8
로그인부터 병신,False,3
똥 방귀 오줌,False,8
아잉이이이이잉ㅇ잉ㅇ,True,8
질때 화나고 이길때 신나는 게임 근데 재밌다,True,8
재밌음,True,8
재밌는뎅,True,8
매칭 시스템 만든 개발자는 필히 자살하길 바란다 개 쓰레기 새끼들 옵치1에서 2로 넘버링 한 이유가 뭐냐 도대체 개 버러지같은 게임,False,3
엉덩이,True,8
접,False,8
렉 도 없어서 하기 좋음,True,8
장점을 상쇄시키는 개발속도가 이모든 평가를 압부로 만들게함 pve삭제 ok 디렉터 관점 괜찮아 나름 좋은 방향의 고집과 개발방향을 알수있었음 ok 신캐주기 6개월 신맵과 신캐를 3개월 단위로 나와야지 수지타산이 맞지 pvp만 집중하고 개발팀도 포기안하고 계속 새로운 시도를 준비중인거면 그속도가 빨라져야 정상인데 애들은 pve접은 이후에도 개발속도는 나아지질 않고 배틀패스는 독특한 취향으로 계속나오고 유저 니즈도 미국중심으로 운영중 이게 운영중심은 어디국가든 상관없지만 나름 한국에서도 꽤하고있고 옵치전성기 한획을 도왔던 나라인데 요즘들어 정성이 부족한느낌 요약업뎃빨리좀,False,8
갓겜,True,8
발로란트보다 재밌음,True,8
제발 한판만 해주면 소원이 없겠다,True,8
si진ping시발새끼야,False,3
맛있는똥,True,8
리뷰 남길라고 깔았다 씨이이발럼들아,False,3
둠피 개씹사기,False,3
하피그,True,8
탱커는 부담감 높다고 개 징징 딜러는 시발 내가 다 해줬는데 다 뭐함 뻔뻔 힐러는 오빠들 뒤좀 봐줘하면서 절대로 픽 안바꾸고 지 상황 모르는 무능함,False,3
갓겜 진짜,True,8
탱커의 실력여부가 팀의 승리를 책임진다,True,8
1떄도 좆망겜 좆망겜 했는데 지금보니 1이 선녀 였음,False,3
유입이 없을까,True,8
굳이 똥을 찍어먹어봐야한다는 사람한테 강추 난 스캇충이였나봄,False,3
6년 전으로 돌려,False,8
화나서 삭제했다가도 화났는지 잊은 후 다시깔고야 마는 게임,True,8
흥치뿡 이제 아나안해,True,8
개꿀잼ㅁ이에요같이해오,True,8
게임을 유료로 팔아 쳐먹는 거 돈 주고 사다가 안에 가챠까지 질러놨는데 밸붕에 개차반운영인거 업데이트로 해결할 생각은 안하고 섭종과 2라는 숫자 붙여서 vs 6인거 vs 5로 바꿔서 출시해놓고 처음부터 다시 과금하세요 와중에 ㅈㄹ맞은 정치적올바름 마소가 액블 인수한지 250일이 더 넘었는데 아직까지 지경이면 마소의 액블 인수는 액블의 발전에 아무 도움이 안된다는거지,False,3
힐줘요,True,8
병신겜 밸런스 죶박고 지들끼리 우리겜 쩌는듯하며 자위하는 개발사 다른겜 살짝만 찍먹해봐도 이게임이 병신 밸런스인지 느껴짐 죶나 노력해야 킬을 따는게 아닌 그냥 처 쏘다보면 얻어걸리는 캐릭터가 훨신 좋음 노력하는게 죄악인 게임 유저수준도 병신들인게 뭔 시발 한국사람하고 한국말로 대화하는데 시발 대화가 안통함 말귀를 처 못알아먹음 힐안되니까 바꿔달라고 딜 약하니까 바꿔주세요 이게 시발 입터는거냐고 존나 금기어 수준으로 알아들음 바꿔달라는게 니가 좆같이 못해서 뭐가 안되니까 바꿔가 아니라 다른걸로 하면 좋을거 같은데 이지 병신들이 졸라 대가리에 상식도 안들어찬새끼들이 겜하겠다고 지랄하는게 꼴보기가 싫음 나가서 사람하고 대화를 이딴식으로하면 내가봤을때 나가자마자 5분안에 칼침맞고 병원감 의사쌤이 뭐하다 칼침맞았냐 물어보면 이새끼들은 니가 알아서 뭐할건데 입털어 이럴새끼들임,False,3
개ㅄ겜,False,3
겜 첨하는데 브론즈 새끼들이 일겜에서 패드립 날린다 처 패버리고 싶노,False,3
게임 자체는 재밌으나 플레이어간 선동질 정치질이 심하고 핵을 사용하는 유저들의 제재가 상당히 느리며 아케이드의 여러 모드들은 밸런스가 파괴되어 몇몇의 영웅만이 유리한 상황입니다,False,8
욕도 아까운 최악의 쓰레기 게임,False,8
재밌음미다,True,8
망겜인데 노력을 하니까 봐줄 까,True,8
씨발 비슷한 등급끼리 붙여주던가 자꾸 티어 좆나 차이나는 애들만 적팀으로 만나냐 블리자드 애미뒤진 병신새끼들아,False,3
씨발련아 사람 맞다고 겜보다 인증이 더어렵네 개 ㅈ같은 블리자드 년들아,False,3
망겜,False,8
내 돈이랑 시간이 아깝다,False,8
엄,True,8
어린 시절의 추억이 떠오른다 재밌긴 하다,True,8
h1 회사가 유저한테 5년 사기를 수가 있나 h1,False,8
이거할바에 야동보고맘,False,3
아주 재미있는 게임이였어요,True,8
h1 만에 게임 하려면 늦은시간에 돌리지 마라 h1 친구랑 돌리는데 짱ㄲㅐ 새끼들 3명이랑 매칭되서 쪽도 못쓰고 개 발렸다 내 인생 처음으로 이렇게나 쪽도 못쓰고 진건 처음이였다,False,0
개망겜 그자체,False,8
개성있는 캐릭터와 매력적인 세계관 지금도 촌스럽지 않은 그래픽 롱런할 수 있는 요소들과 기회가 많은 작품인데도 이렇게 망쳐놓는 경우는 진짜 대단하다 끝내 pve 스토리모드는 제작진의 개발 역량 부족을 스스로 인정한 결과로 안 나오게 됨,False,8
시발 초보 망겜,True,3
1때가 좋았다는 의견이 가끔 보이는데 게임은 좋았던 적이 한번도 없다 맵에 따른 영웅 밸런스 문제가 심각한데 맵 밸런스 패치는 불가능하다 모든 맵과 영웅들의 이동기를 조정 할 수가 없다면 밸런스 문제가 일시적으로 훨신 심각해진다 오버워치 2를 개발하면서 영웅들의 밸런스가 바뀐 스케일을 생각해보면 그보다 훨신 많은 노력과 시간이 필요하기에 방향성은 불가능에 가깝다는 것을 알 수 탱커 문제는 한번 스킨 들을 출시한 체력과 능력들의 밸런스를 맞출 구멍이 완전히 막힌다 체력을 줄이면 그만큼 캐릭터 모델들의 크기를 줄이지 않으면 물몸 문제가 생기기 탱커 체력을 줄이고 스킬들을 버프하는 방향성을 택할 수가 없다 이게 정답이라는게 아니라 이걸 시도 할 수가 없다는 말이다 교전 시간이 길고 1대 교전에서 이득을 얻는게 매우 힘든 게임이라 무조건 팀 행동을 해야하고 하고 싶지 않은 플레이만 강제로 계속 하는 느낌이라 게임이 재미가 없다 예외는 저격수인데 저격수는 이동기와 맵 밸런스 문제로 다시 돌아간다 정리하면 1때 외관템들에 소비자들이 쓴 돈을 무시할 수 없어 한번 나온 영웅은 절대로 다시 되돌릴 수 없고 크게 방향성을 바꿀 수도 없고 맵 제작 방식과 영웅 능력과의 밸런스 맵도 크게 바꿀 수가 없고 처음 정한 방향이 팀 게임이라 하고싶은건 하지도 못하는 망하는게 필연적인 게임이라는 것이다 커스텀 게임이나 즐기다 간다,False,8
없는게임,False,8
게임은 괜찮은데 문화가 잘못됨 나도 내가 못하는 거 아는데 굳이 엄마를 욕해야 겠니 그것도 빠대에서 이거 할거면 친구 4명 모아서 피방에서 아주 가끔 하는게 나음,False,8
인생게임이지 뭐,True,8
퍼즐게임인가요 진짜 빡치네요 로그인만 30분했어요 다 맞게풀었는데 안되냐고요 진짜 사람 빡치게하는 게임 만들지마세요 빡치니까는,False,8
오버워치 ㅆ1발 개1새끼들아 로그인할때 저딴거 추가했냐 시1발장ㅇH인같은 블리자드 ㄱH년들아 나가 뒤져라 ㅅ1발,False,3
한판 이기면 귀신같이 처발리는 매칭만 뜸 한판하면 하기 싫어지는 미친 겜,False,3
어렸을때는 재미있게 했는데 온라인게임은 운영때문에 오래 할 수 없는 건가 싶었다,False,8
빠대에서 한팀이 전원 기본아이콘에 핵쟁이이면 게임 망한거 아니냐 관리를 전혀 안하는데 게임이 정상궤도에 올라가길 바라는 건 욕심인거 같은데 능력이 모자라면 그냥 서비스 종료하는 게 낫지 않겠냐 관리를 아얘 안하는 걸 정확하게 알겠네 VAC차단 당한 놈들이 당당하게 게임하고 있던데 니들은 그냥 무능한 거 였구나,False,8
생각보단 재밌던데,True,8
걍 하지마셈 할 생각도 하지말고 친구랑 즐기셈 근데 그지랄할바엔 걍 용량 확보하는게 좋음 정말 간단함 동성애는 따로 동인지나 찾아가셈 게임에 쳐뭍힘 그와중에 본사에서 성범죄터지고 캐릭터 이름까지 바뀌고대단하십니다 정말루 그렇게 좋아하는 pc많이 빠십시오,False,3
조까시발,False,3
아직 아무것도 모르겠다,True,8
재밌어요 여러분도 해보세요,True,8
캬 갓겜,False,8
내 PVE,False,8
핵 잡아라,False,8
주노 빵댕이 존나 탐남,False,3
시발 느그옵 느그옵 퇴물이네,False,3
핵쟁이 트롤 제제 안함,False,8
뇌빼고 하기 낫배드,True,8
본 게임이 재미없는 갓겜 이게임사는 누구보다 워크샵유즈맵 만 잘냄 지네들 본편 게임에나 집중하지 pve 낸다고 개 지 1랄은 다해놓고 지들은 한참 광고할때 중지했다 카드라 이게 시발 게임사가 맞냐 사기꾼들 모여있는 회사지 여캐는 뽑아내는것같음 음지에서 보자,False,3
꿀잼,True,8
1시간동안 페이지에다가 장문을 썼는데 그냥 단도직입적으로 평가하겠습니다 게임은 잘만들었는데 다른플레이어 기분잡치고 싶지 않으면 다른게임 하러가십쇼 추억보정으로 3시간은 했는대 화병나서 미치겠네요,False,8
힐러안할거야시발련아,False,3
망할때 됨,False,8
게임 오랜만에 해볼까 하고 설치하고 들어갔는데 계정 확인부터 컷당함 한 번 참고 계정 로그인 하려니까 인간인지 검사한다면서 눈깔 병신되도록 작은 주사위 몇개 던지고 숫자 합해서 옆 숫자 나오면 넘기라는데 이걸 8번을 해야함 그러다 비밀번호 틀리면 다시 처음부터 8번 인간인지 검사해야함 에이펙스는 서버가 문제고 레식도 서버랑 운영을 못하는데 여기는 모든 게 다 문제인 걸로 알고 있는데 끝판왕으로 게임 자체도 못시키게 하네 옴닉이 블리자드 점령해서 안에 자기들 유토피아 만들려고 유입 막고 있는 건가 저번에도 두번인가 세번인가 계정 찾으려고 두시간 씩 매달렸는데도 실패해서 포기했는데 이제 번째니 놓아드림 기존 유저들 불만도 많을 텐데 유입은 들어오지 말라는 ㅄ같은 태도 덕분에 그냥 안할란다,False,3
옵치 1이 더 갓겜,True,8
망겜,True,8
재밌음,True,8
토르비욘 작작 고,True,8
개씹좆좆2,False,3
망치살인마,True,8
장점 빠대 경쟁 한두판시 즐길만하다 단점 게임시 모든,False,8
재밌음,True,8
무료인데 재미를 곁들인 맛,True,8
좀더 발전했으면 좋겠습니다,True,8
시바,False,3
운영은 개판이지만 아직은 할 만하다,True,8
안에 사람들이 없어요,False,8
가볍게 할수있고 단,True,8
바이든 임기 말을 보고 있는 같은 운영 방식,False,8
오버워치 1의 재미있는점이 빠졌어요 오버워치 스킨 구매 가격이 심합니다 가상 컨텐츠인데도 너무 비싸게 파네요,False,8
근본은 반이라도 간다,True,8
망겜,False,8
오랜만에 다시 해보고 느끼는 점은 게임자체가 재미보다는 스트레스를 더 준다는 재밌는 영웅을 플레이하면서 느끼는 쾌락은 잠시뿐이고 대부분의 시간은 상대편의 조롱을 듣거나 같은 편의 남탓을 듣거나 의미없는 싸움으로 보낸다 게임의 근본적인 문제점은 팀플레이 게임에서 비롯되는 스트레스다 간만에 다시 해보고 과거의 내가 게임을 스트레스를 받았는지 알게됐다 모든 게임은 유저가 열심히 한 합당한 보상을 준다 유저를 오래 붙잡고 있는 게임들은 대부분이 점을 따르고 있고 부분이라도 즐거움을 느낄 수 있는 탈출구가 항상 존재한다 게임은 내가 아무리 열심히 했다 해도 같은 편에게는 내 실수 한번이 더 부각되고 칭찬보다는 야단을 많이 맞는다 개인의 실력차이를 떠나서 시스템은 게임을 하는 내내 즐거움이 아니라 스트레스 지수를 더 키운다 플레이어가 한번의 게임에 정성을 쏟았다면 그만큼 게임은 플레이어에게 칭찬을 아끼지 않아야 하고 자신의 시간을 쓴 쾌락을 보상으로 주어야한다 오버워치는 게임의 철칙이 무너져있다 5분 남짓한 경기속에서 내 캐릭터를 움직이고 열심히 화면을 좇아 무언가를 해낸 흔적들은 승리나 패배라는 글자하나에 의미없게 된다 언제나 승리는 가볍고 패배는 무겁다 게임엔 승리외에 즐거움을 느낄 수 있는 탈출구가 존재하지도 않는다 PVP게임에서 즐거움을 느낄 수 있는 부분은 내가 좋아하는 영웅을 숙련하고 상대방을 제압하는 데에서 온다고 생각하는데 숙련의 과정이 게임에서의 롤 플레잉과는 다르게 상당히 엄격한 팀플레이 속에 있고 철저하게 평가받는 시스템 상에 존재하기에 우리는 그것들을 게임처럼 즐기며 숙련할 수 없다 게임을 하다보면 즐거운 경기도 가끔 내가 팀을 승리로 이끌고 고수가 된 거기서 오는 쾌락은 지극히 짧으며 대부분은 패배로 점철된 우울한 경기를 보내거나 상대편의 의미없는 조롱이나 같은 편의 지적을 들어야한다 오버워치라는 게임은 하면 할 수록 스트레스라는 지옥으로 빨려들어가는 듯한 느낌을 준다 잭팟 한번을 잊지 못해서 도박장을 반복해서 출입하는 사람처럼 작은 쾌락을 주는 단 한번의 상황을 마주하려고 스트레스 받는 나머지 게임을 참고 하는 것은 자체로 나에 대한 고문이 아닐까하는 생각에 나는 게임을 삭제했다 여태까지 많은 FPS게임들을 해봤지만 오버워치만큼 스트레스 받는 게임은 단언코 없었다고 확신 할 수 있을만큼 게임은 정신건강에 치명적이다 나는 게임을 추천하지 않는다,False,8
걍 나가셈,False,8
정치질이 너무 심해요,False,8
썩어버린 게임,True,8
오랜만에 다시 해본 옵치 잼난다,True,8
게임이 망하고 사람들에게 잊혀지고 있는 이유 운영 운영 운영 게임을 즐기는 유저들의 성향과 취향을 단 하나도 고려하지 않는 캐릭터들을 출시하는 블리자드 우리가 알던 블리자드는 이미 세상을 뜬지 오래,False,8
느그애미,False,3
1판부터 팀 싸우고 욕하고 ㅈ망 겜 더러워서 안한다,False,3
망겜,False,8
그냥 1보다는 아쉽지만 2도 개성이 있어서 재미있음,True,8
너무 잘하는 사람이 있으면 게임 할맛 않남,True,8
잼난당,True,8
다시 폼이 올라오는 중,True,8
진짜 개 병ㅅlㄴ 게임,False,3
추억은 추억속에,False,8
이야 평가 오랜만에 하면 재밌긴하다 PVE만 잘만들고 스팀 출시 했으면 평가는 좋았을껀데,False,8
긴말필요없다 병신겜,False,3
굿,True,8
ㅄ겜,False,3
정치겜,False,8
h1 b유저가 유저를 떠나게하는 게임b h1 망겜 망겜 누구보다 오버워치를 놓지못하고 사랑하는 유저이지만 옵치는 하면 할 수록 인류애가 박살나서 오래하기가 힘듬내 게임은 내가 깐다고 모두가 까는 이유를 알것같음 spoiler그냥 게임자체는 정말 잘만들었어 재밌어 근데 유저가 날 너무 힘들게해 spoiler 빠대는 가끔 재밌는 유저도 있는데 자기혼자 경쟁전 돌리는것 마냥 개 빡겜해서 빠대에서 정치질 시전하는 분탕충이 존재 u같이 그룹원들과 게임하지않는 절대네버 즐겜 할 수가 없어 u strike뭐이건 억빠하자면 음주워치하면 스트레스 안받고 할만 함 걍 정신줄을 놓으면 되거든strike i그나마 아주 가끔 팀보이스하는 재밌는사람들이 존재하지만 사막의 오아시스만큼 포켓몬 이로치마냥 아주아주 희귀함 팀보안하는 이유는 뭐이건 유저가 줄어드니 어쩔수 없는 현상이라고 생각함 i 2경쟁전 사람들 예민한건 알겠지만 모두가 점수티어가 걸려있는만큼 상위 티어든 하위 티어든 일부러 패작 하지 않는 한 각자의 위치에서 최선을 다하는 중인데 지기만 하면 남탓을 시전하며 팀 분위기가 박살나기 시작함 사실 이부분은 뭐 당근과 채찍같이 살짝만 해줘도 팀 픽이나더 열심히하는 나아지는것도 있긴 대다수 그냥 채찍질만함 이과정에서 탈주 하는사람도 여럿봄 근데 이게 한두번이어야지 세네판 연속으로 탈주 박으니 여기서 정신적 스트레스가 쌓임 경쟁 그냥 안하게됨 u경쟁탈주 패널티를 정지 10분이아니라 경쟁 탈주하면 계정에 제재를 가하던지 뭔가 특별한 조치가 더 필요할것같음u strike경쟁에서 열심히 묵묵히 게임 하는사람은 에너지만 낭비한 기분이야strike b무료게임으로 전환 되어진 이부분은 유저문제만큼은 어쩔수 없이 감수하고 플레이 해야 함 b bu멘탈약하신분 fps 뉴비분들은 꼭 친구와 그룹원들과 플레이 하길 권장함 u b 추가로 bPVE 개발중단한 시점부터 사실 오버워치가 2로 넘어온것은 의미자체가 없어진거같음 b 티어 인플레이션 유저문제 다 떠나서 나는 PVE 자체에 기대감을 가지고 있던건 아니지만 오버워치가 변화한다는 사실에 드디어 뭔가 새로은게 나오는구나 싶었음 개발중지한건 뭐 여러한 사정이 있어서 중지됐다 싶긴 함 오버워치 2로 넘어오며 탱커 딜러 힐 이렇게 5인 체제가 되어짐으로써 예전에는 다양한 조합과 전략을 세우며 팀 밸런스를 맞춰가며 게임했는데 u b 요즘은 그냥 탱커끼리 가위바위보 싸움하는 느낌임 그냥 무한정으로 서로가 상성 픽인것만계속 죽을때마다 바꿔옴 b u 이러는데 굳이 탱커가 한명일 필요가 있었을까 싶음 유저가 적어졌긴 했어도 팀보이스에 사람이 없는이유가 이러한점들도 한 몫 했을것같음 정말 사랑하고 애정하는 게임이지만 더 불만족스러운것같음 게임자체는 재밌어서 안망했으면 좋겠는데 유저가 점점 더 사라져가니 안타까울뿐 학창시절부터 정말 재밌게했는데 롱런하자 오버워치 bi백퍼센트 완벽한 독일의 맥주,False,8
그래봤자 오버워치,True,8
핵버스충패작서버도 븅 3이고 핵쟁이랑패드리퍼 신고해도 정지도 안먹고 제대로 관리도 못할거면서 하드리셋은 왜하고 랭크는 왜만듬ㅋㅋㅋ 진짜 이해 1도안되네 역대급 쓰 레23기 같은 게임 핵버스충패작이런애들 옛날에 갈라파고스 시켜서 격리시켜놓곤 하드리셋 처해서 모든티어에 퍼트리고 그걸 관리까지 못함 걍 1꼴 나서 처 망했으면 좋겠다 추억속으로 꺼23지셈,False,3
부모없는 블리자드년들이 보안을 ㅈ같이 걸어놔서 로그인못하게만들어놨네 애미없는 씨벌년들 스팀도 병신같은게 지들 브라우저에서 구글 로그인을 못하게만드놨을까 등신새끼들,False,3
너무 재밌음,True,8
비추 누를때 난 개추 누르기,True,8
매칭 진짜 시발 존나 문제많다 블자 개ㅅㅐ끼들아 부계 양학 패작 씨발련들아,False,3
똥겜,True,8
개 qud 게임 로그인시스템부터 븅 되는게 없누 그냥 개망게임이 뭔 인증을 개꼴갑은 지혼자 다 떨고 있네 그냥 하지 마라,False,3
이보다 나쁜 게임은 있을 수 없다 핵 시발련들 실력도 안되면서 왜쓰냐 최악의 게임,False,3
일반 오류입니다 ㅅ발,False,3
옵치 1때가 그립습니다,False,8
로그인이 안됌,False,8
대박,True,8
10년간 잘 즐겼다,True,8
집까지 찾아가서 묻고 싶은 정돈데 이기려고 게임하는 거 아니야 범인찾기하는 거야 게임 안 끝났는데 정치질해서 한 명 잡아다 화형대 세우곤 싶고 이기고도 싶고 나름 애착있던 게임이지만 다시 찾을 일은 없을 듯,False,8
시발 안되잖아 개새기야,False,3
이거망겜임,True,8
용검을 메이의 방벽으로 막은 개웃긴 장면을 옵치 업데이트로 날린 건에,True,8
가끔 하고싶어서 켜지만 한판하면 뭔가 거지같아서 자연스럽게 종료누름 특히 새로 나온 맵들 개 노잼임,False,8
잦같은게임 븅진같은게임,True,3
압도적으로 부정적 받을 별로는 아닌데,True,8
아직 할만해요,True,8
갠적으로 옵치 끝나가는 시점보다 재미없어요,False,8
바스티온 버프좀,False,8
꽤 괜찮은데,True,8
스팀 프로필의 매우 희귀한 도전과제 전시대가 오버워치 도전과제 전시대가 되어버렸습니다 게임을 실행했다는것 자체가 니 잘못이라는 것처럼 말이죠,False,8
개같은거 계정만드는데 사람확인을 뭔 개많이하네 사람도 못하는데 어케하라고,False,8
8년 전 옵치는 이러지 않았던 거 같은데 게임회사 맛탱이가 가버림 한 정말 열심히 했고 애착을 가졌던 게임이지만 처참한 상태가 되어버린 게 안타까울 따름임 사건사고가 터져도 항상 응원했던 블리자드이지만 이제는 돌이킬 수 없는 강을 건너버렸다 옛 정때문에라도 긍정적 평가를 주지만 있는 게임이라도 잘 운영해라 블쟈야 제발,True,8
압도적으로 부정적,False,8
그립다,True,8
오버워치 하세요,True,8
병신 애미뒤진겜,False,3
노노노노잼잼잼,False,8
갓겜 재밌습니다,True,8
망겜 멈출수없다,True,8
팀빨 좆 병신겜,False,3
니네보다 중국공산당이 더 나을거같네요 씨발것들아,False,3
르세라핌한테 고맙다고 말해라 르세라핌도 나락갔노,False,8
웰메이드 게임,True,8
진짜 잘나가던 게임을 운영 하나로 망칠 수 있는지 보여준 극단적인 사례가 오버워치인듯 옆 동네 배그를 얘랑 비교하면 선녀로 보일 정도다 진짜 순수하게 운영하나로 망한 케이스라서 이건 쉴드가 불가능함 운영진들은 진짜 개발자들한테 삼전도 굴욕마냥 머리 세 번씩 찍으면서 사과해야됨 게임성을 가지고 망한 거는 말이 안됨 그냥 망테크의 교과서임 성추문 논란은 그냥 트리거였지 게임은 이미 전부터 운영하나로 갈 때까지 갔었다 게임은 놀랍게도 롤을 이겼던 적이 있었고 멋진 그래픽에 세계관과 나오는 블쟈식 고퀄 트레일러로 정말 남녀노소 안가리고 다 했고 다들 롤드컵안보고 옵드컵 보던 시절이 있었다 진짜 초기에 게임은 혁명에 가까웠다 근데 좋은 게임성을 운영하나로 말아먹는데 그게 정말 하나하나가 기가 막힌 악수임 가장 큰 밸런스 문제는 둠피랑 33메타 였는데 둠피는 너프를 했으니 정상참작이 될 수도 있겠다 근데 사실 너프도 개 ㅈ이었고 너무 늦게햇음 근데 게임이 결정적으로 무너진 건 난 33메타를 결국에는 못깨부순게 크다고 본다 말그대로 탱커3 힐러3으로 진행하는 메타인데 이게 게임을 진짜 개 ㅈ노잼으로 만들었다 노잼 수준이 아니라 그냥 게임 장르를 바꿨다고 해도 오바가 아닌게 33메타 나오고 나서 에임이 필요가 없음 당연히 탱힐 3명씩 나오니깐 게임도 루즈해지고 궁 빨리 채우기 싸움이 되어버림 이걸 해결하려면 아마 상식을 가지고 게임한 사람이라면 딜러를 버프해주고 탱힐을 너프하면 된다고 생각할거고 그게 맞는거다 근데 운영한답시고 돈 받아처먹는다는 인간들 머리에서 나온 아이디어가 탱딜힐 2명씩 강제 고정이었음 이게 말이되냐 난 처음에 블리자드가 한국기업인가 싶었다 그래놓고 ㅈ됨을 감지했는지 222강제랑 자유 조합으로 게임을 나눠버림 이거만 봐도 얘네들이 게임을 해보긴 했나라는 의심이 듦 거기서부터 맛탱이가 가기 시작하더니 갑자기 솔져가 남자를 좋아한다고 하질 않나 리그를 지역 연고제로 바꿔버리지를 않나 하나하나 다 짚고 넘어가기에는 정말 하는 짓거리가 죄다 처참했음 사람들은 희망을 놓지 않고 트레일러는 기깔나게 뽑으니깐 다들 참고 기다려줬다 당연하게도 블리자드는 그런 믿음에 대놓고 빅 엿을 날리는데 유저들이 줄 요구해왔던 탱힐 영웅 출시를 이악물고 무시해오다가 에코라는 영웅이 나오면서부터 게임은 스스로 죽음을 택한 듯 싶었다 아마 많은 사람들이 에코에서 실망을 되게 많이 했을 것이다 나도 이후로는 오버워치를 안하게 된 그러더니 2가 나온다고 떡밥을 뿌리고 다시 부활할 같았지만 정말 전 세계 오버워치 팬들을 충격에 빠트릴 역대급 성추문이 터지게 되고 2는 당연하게도 연기가 되어 나오는데 그것마저도 실망 투성이였다 약속했던 많은 것들이 지켜지지 않았고 무료공개하기로 결정했다는 것이다 당연히 스타트부터가 글러먹었으니 잘될 리 만무했고 예전에는 사람들이 망했다 망했다 말하고 다녔지만 때부터는 정말 망해버려서 망했다라는 소리조차 나오지 않은 잊혀진 게임이 되어버리고 말았다 솔직히 여기까지만해도 이미 좋은 IP의 숨통을 끊어버리고 불태운 것이나 마찬가지인데 스팀 출시라는 정말 고인능욕급 악수를 두게 된다 죽은 줄로만 알았던 게임을 정도로 더럽힐 수 있구나 라는 생각이 들더라 스팀 나왔을 때는 만우절 장난인줄 알았다 이건 사탄도 울고갈 수준인데 사실상 이건 회사에서 게임은 죽었으니 시체라도 팔아서 남겨먹겠다는 것처럼 보였다 보면 아무리 체급차이가 나도 경쟁 플랫폼인데 애네는 자존심도 없는 한 때는 블리자드 게임하면 다들 믿어줬는데 잘나가던 오버워치를 스팀에 출시한건 사실상 블리자드가 스팀한테 항복 선언을 한 거 아닌가 싶다 스팀 유저평은 대게 사람들이 높게 주는 편인데도 압도적 부정적이 나오는 것은 그만큼 블리자드가 오버워치를 대하는 태도에 사람들의 분노가 크다는 것이다 나도 마찬가지다 분노의 리뷰를 쓰기 게임을 깔았으니깐 스팀 출시는 정말이지 머리에서 나온건지 그렇게 수많은 사건이 발생하고 직원들이 나갔어도 달라지지 않는거면 오버워치가 아니라 회사의 수명이 다한,False,8
힐러님 딜좀 그만 넣고 힐좀 넣으세요,False,8
같은 게임 섭종이 답,False,8
이정도로 욕 쳐먹는데 무시하는건 지들도 망한거 알고 걍 포기한거지,False,8
음 옵치 돈주고 산 흑우 없제,True,8
오버워치 1이었을 떄가 더 좋았던거 같아요,False,8
발로보다 재밌다,True,8
가격 주고 배틀패스를 사야하나 가격 주고 신화스킨을 사야하나 각격 주고 핑크 메르시는 사야지 이건 못 참지 대충루피콘,True,8
재밌음,True,8
옵치1 시즌 2에 시작했던 유저입니다 접었다가 최근에 다시 시작했는데 지금은 플레이하기 어려울 정도로 게임이 망가진 상태입니다 특히 랭겜이랑 밸런스 패치가 심각한 문제가 있습니다 랭크 게임에서 트롤 패작 핵 유저들이 일반적으로는 한판에 한번씩은 나옵니다 운이 좋아서 그런 유저를 만나지 않더라도 매칭을 이상하게 잡아줘서 대부분의 게임이 치열하게 전개되지 않고 우리팀 상대팀이 양학을 하는 상황이 많이 나옵니다 밸런스 패치도 전반적인 캐릭터들의 성능을 낮추는 방향으로 진행되고 와중 지나치게 성능이 좋은 op캐릭터들이 남아있어 밸런스 패치를 하는지 모르겠을 정도로 개발진들이 무능합니다 게임을 더 해본 결과 전챗에서는 정치질 욕설 패드립 비아냥거림이 난무하고 심지어는 게임을 리스폰 버그나 서버 에러도 몇번 나는 바람에 말 그대로 게임을 플레이할 수 없는 상황들이 발생합니다 옛날에 재미있었던 기억이 많은 게임이라 계속 해봤는데 게임이 회생 불가능한 수준으로 간 같습니다,False,8
다들 비추주길래 나도 준다,False,8
역사에 남을 것이다 배설물 게임,False,8
뜌따뜌따 메이 장인이 될거야,True,8
저혈압 치료게임,True,8
tq게임 계정만들때 게인정보 다넣었는데 tq지네들이 처리를 못한다면서 wf발광을 떨어서 ㄹㅇ진짜싫다,False,3
병신겜,False,3
오버워치 재밋음,True,8
똥겜인 걸 알면서도 계속 하는 내가 레전드,False,8
내가 힐러하면 딜탱이 못 하고 딜하면 힐탱이 못 하고 탱하면 딜힐이 못하는 건 뭐냐 진짜 진심 우리편 실력들이 브론즈 보다 못 하는 병신들만 존나 많내 씨련들 진짜 새끼들 엄마가 심장병으로 죽었냐 진심,False,3
서버도 터져 팀도 터져 아론켈러도 터졌으면,False,8
사이버 고아원 시뮬레이터,False,3
병신같은 게임이 하필 팀플레이로 처 나와서 더 지랄맞음 인간혐오생성기 시발 상대가 입터는건 게임이나 똑같은데 상대팀중 한명 핀포인트 잡아서 집단 여론 린치 때리는 좆같은 게임은 오버워치밖에 없을거다 염병 욕을 안하면 내가 욕먹고 욕을 해도 내가 욕먹는 애미 대가리에 낙진 떨어지는 게임 가장 잘하는 새끼가 가장 정치당하고 좆도 못하는 고아새끼들이 뻔뻔해지는데 매칭시스템이 개 좆같아서 병신 한명 이상이 기본이고 티어를 절대 못올림 내가 중립적으로 나의 에임이 부족한지 포지션이 잘못 되었는지 다 살펴보고 객관적으로 많이도 생각해 봤는데 시발 감 안좋은 판이 한 7판중 한번인데도 염병 절대 탈출 못함 처음부터 다혈질인 새끼 한번 뭐라하면 던지는 새끼 걍 트롤년 좆도 못하는 말많은 새끼 주변에 시비만 터는 새끼 죄다 한꺼번에 정신병원마냥 모여서는 티어안에 서식하는데 이딴 새끼들이 안나올리도 없어서 올릴 수 있을거라는 희망을 공중폭격후 뒤처리해서 분해시켜버림 정신에 생기는게 빠르겠음 그냥 안하는게 맞는 게임임 운영을 잘하는 것도 아니고 프로필 비공개에 스트리머 모드같은 애비 좆 팔등분 시키는 패치나 진행하고 게임 세부적 정보 공개는 존나게 꺼리는데 시발 게임 데이터안에 직박구리 파일 처 모아둔 것도 아니고 우리끼리 분석하고 게임좀 굴려본다니까 존나 병신짓 하고 LGBT 니미럴 진짜 장난하자는 거지 티어가 절대 안오르고 트롤년들은 점점 보여서 걔네한테 한마디씩좀 하니까 채팅금지시키고 나아가 게임정지를 먹이는데 그냥 탈출했어야 했음 당시에 정지한다고만 써있고 이유가 명시되어 있질 않아서 문의넣으니까 뽕을 키리코한테 주네 이딴게 시발 이유랍시고 내뱉고 있고 븅신같은 재제시스템이 저딴 트롤들이랑 악질 새끼들을 잡아 처 내쫒아야지 고통받는 사람한테 엿을 추가로 맥이는건지 도저히 생각해봐도 악마같은 새끼들이 따로 없음 진짜 그냥 개 처망했으면 좋겠고 제발 오래가지 마라 질병게임아,False,3
씨발 개 좃망겜 인증 아무것도 안돼서 방법 찾아보다가 했는데 안됀다는거냐 개 병신년들아,False,3
유저들의 인성수준이 나오는 줫망겜 탑티어급이다 많이하지도않은 유저로서 플레이를 하고있지만 잘좀하라는 팀원들의 욕짓거리와 비아냥대는 사기저하 적들은 쉽네 허접이네 라는 말들만 많아서 하지말라는지 알아가는 느낌이드는것같다 걍 게임은 애초에 하질 말라는 씹망겜이 맞다 게임이라는 말도 담으면 안될듯 게임도 아니야 이건,False,3
재밌음,True,8
고인물들의 세계에 던져진 피지컬 F급,True,8
재밋어영,True,8
허접게임,False,8
회사의 좆같은 운영과 인식을 빼면 모든게 완벽한 갓겜,True,3
팀 실력차이가 존나 중구난방임 할 맛 좆도안남,False,3
멍청한 게임,False,8
아주 인생 게임,True,8
서버 ㅈ망 핵 ㅈ망 매판 만나는 잼민이들 패작 ㅈ망,False,3
pve낸대놓고 안낸게임,False,8
운영만 잘하면 좋겠다,True,8
좆망겜,False,3
진짜 개재밌음,True,8
킬링타임용 갓겜,True,8
핵이 접속자 절반,False,8
병신 겜 수준봐라 블리자드 씹창,False,3
핵만 없으면 조음 한조 짱짱,True,8
채팅 삭제하고 음성이랑 핑만 지원쫌,False,8
옵치1 다시 출시하라고 제발,False,8
뭐죠이쓰레기는 핵이판치는군요,False,8
하지마셈,False,8
조ㅈ망겜,True,3
쓰레기 게임,False,8
유저들이랑 기싸움하는 개발진 말아먹은 밸런스는 고칠 생각도 안함 둠피 트레 벤처 일리아리 솜브라 같은거 떡칠하고 스노우볼 굴리기 시작하면 뉴비 꼬접 보장하는 게임 케릭터설정에 성적지향성만 다양하게 붙여서 출시하면 유저들이 기뻐할 줄 아는게 3류 야겜개발자들로 개발진이 리플레이스된거같음 팀포류 게임중에 PC안뭍은 까리한거 나오면 싹 갈아탈거같음,False,8
중고매치 그만 쳐줘,False,8
망,False,8
되도록이면 주말이나 휴일에는 하지마세요 왜냐고요 하지 말라면 하지 마세요,False,8
난 재밌어,True,8
노잼,False,8
평가는 안좋지만 과거 PC방을 점령했던 게임으로서 재미있습니다 참고로 오버워치 하실거면 여기서 플레이하지 말고 베틀넷 다운받으셔서 하시는 걸 추천드립니다 pc방도 그렇고 게임을 하시는 분들은 대부분 베틀넷 쓰십니다,True,8
스트리머 대회나 스트리머가 갑자기 뜬금없이 오버워치를 할 방송보다가 급 마려우면 오버워치 하는건 말곤 손이 안가는 게임,False,8
게임은 질병이 아니다 게임은 질병에 가깝다,False,8
핵 은근 많은듯 저렙구간인데 에임이 다 미쳤어,True,8
재미음서,False,8
진짜,True,8
인증절차 미친거냐 개 줫가이 만들어놨네 망겜이라고,False,3
병신같은 게임,False,3
니들이 버그를 쳐 내놓고 손해는 내가 봐야함 그냥 너네는 배째라식으로 운영하는거 보니까 아직도 정신 못차렸다,False,8
안그래도 캐릭터수 ㅈ도없는데 다잠궈놓고 판수채우면 풀어드려요,False,3
레킹볼하게 66 다시 돌려내,False,8
하다보면 시간아까움,False,8
2024년 최악의 게임,False,8
재밌음,True,8
시발 뭐만하면 콘텐츠 다운 이지랄 하는데 게임할맛이 존나 없네 개좆같은 게임,False,3
좆망겜,True,3
게임성은 좋음 유저운영자가 망침,True,8
핵이 대놓고 있네 신고에 핵신고는 없는건가요 포기 한겁니까,False,8
배틀넷에서 안켜도 되는게 장점,True,8
이걸 왜해,False,8
오버워치1부터 2016년부터 해서 2023 11월에 접었다 그마도 1번 찍어보고 마스터에서 주로 살다가 다이아도 갔다가 그랬는데 접은 지 6개월이 넘게 지난 지금 유투버들 보면 다 죽은 자식 불알 만지고 있더라 병신같고 병신들이 많고 병신같은 판이 넘쳐나는 것을 보고 나는 잘 접었다고 생각했다 2천시간 가까이 했었지만 그만큼 사랑했던 게임이지만 떠나보내길 잘한 게임이다,False,3
병신,False,3
오버워치 그는 신이야 오버워치 그는 신이야 오버워치 그는 신이야 오버워치 그는 신이야 오버워치 그는 신이야 오버워치 그는 신이야 오버워치 그는 신이야 오버워치 그는 신이야 오버워치 그는 신이야 오버워치 그는 신이야 오버워치 그는 신이야 오버워치 그는 신이야 오버워치 그는 신이야 오버워치 그는 신이야 오버워치 그는 신이야 오버워치 그는 신이야 오버워치 그는 신이야 오버워치 그는 신이야 오버워치 그는 신이야 오버워치 그는 신이야 오버워치 그는 신이야 오버워치 그는 신이야 오버워치 그는 신이야 오버워치 그는 신이야 오버워치 그는 신이야,True,8
쓰레기같은 게임입니다,False,8
그냥 이해가안됨,False,8
재미있다,True,8
옛날옵치가 더 재미있었다,False,8
히히 재미있당,True,8
라인 버프 해줘라 진짜,False,8
재밌긴한데 나사가 빠진 느낌의 게임 510,False,8
재밌어요,False,8
재밋음,True,8
스팀 블리자드 계정연결 안되잖아요 짜증나게 이러니까 망겜소리듣고 발로란트한테 밀리지,False,8
나는 잼는데 잼없데,True,8
보안문자 개좆같아서 정떨어지는 게임,False,3
병신소굴,False,3
욕을 먹긴해도 할만한겜이 이거밖에 없다ㄹㅇ,True,8
병신같은 매치메이킹 트롤 패작 핵 성추행 말고 잘하는게 없는 회사,False,3
로그인이 보통 애미가 뒤진게 아니네 천생고아해라,False,3
오랜만에 복귀해보았는데 오버워치1에서딜둠피가부활한것같은기분이들었음 밴처라는것을 상대할떼 암살을시도할떼 하이리시크하이리턴이없음 아나유저입장에서 반응해서 수면총꺼내드는순간에죽어있음 또는 자리야같은 탱이 도와주거나 라이프위버가 커버해주면 그냥딸깍하고 우리쪽아나죽어있음 궁이너무쉬움 4연발에 편적공격 좌우봐꿔서 공격가능 너무쉬움 수면총 꺼내는속도가 04초더빨랏음좋겠음 아니면수면총두발주던가 2명이물러오면그냥죽음 하나재워도 하나가죽이러감 탱이랑맞다이하는데 비비는딜러는 딜러가아님 평좌평이면 탱커근이면 딸피됨 그러고땅속으로들어가서 살아남음 오버워치1에서 둠피뗴문에뭐시기당한거기억못하고 또이딴거만듬 일단재우면 죽는각이보여야하는데 안죽음 수면 평타 힐벤 평타 해도살아남음 힐조금이라도들어가면 살아남음 저쪽은 리스크없이죽이러가는데 내쪽은살아남으려면리스크있어야함 수면빠지던가 힐밴빠쟈서 버티던가하면 딴놈이와서나죽이러옴 같은딜러도마찬가지임 암살콤보맞으면 평등하게죽음 거리를안주고싶어도 맵떼문이라던가 화물이라던가 하면거리줘야함 무조건죽음 일단밴처어느정도할줄알면 그냥딸깍으로 힐러 하나삭제가능 이러고도 오버워치1 서비스종료시키고 정신못차리고만든게 밴쳐라는생각이듬 평가는 별반개줄려고했는데 옛정을생각해서 별5개에서 4개해서 별한개줄려고함,False,8
중국인들 쫌 자기들끼리 겜하게 해라 짜증나 한국서버에는 와서 해 말도 안통하는데,False,0
패치 개망겜,False,8
노잼,False,8
미친게임 로딩창인데 그냥 아무것도 안한다고 매치 취소시키고 패널티주네 ㅁㅊ게임 고사양 fps 게임은 잘만 돌아가는데 이건 다운 받을때 블루스크린 뜨고 그지같네 게임은 다 안그러는데 오버워치만 튜토 대사 느려서 답답해 뒤지는줄 내 인생에서 제일 큰 실수가 게임 한거다,False,8
다들 오버워치 하자,False,8
이게 부정적임 스팀에 옵치 나와서 제미있게 하고있는데,True,8
허구한 날 무료급식소 찾아와서 줄서서 배식받는 입장에 뚫린 입이라고 배급해주는 음식의 수준에 투정부리고 불평해대는 걸뱅이새끼들 마냥 온갖 천애고아새끼들이 플레이가 본인 입맛대로 안되면 현란한 채팅 뽐내며 본인 정신질환자다 자랑하는 게임ㅋㅋ 외 보빨한남과 여왕벌 힐러 혜지듀오 패작 정신병자 핵쟁이 온갖 병신 외눈박이새끼들을 판마다 매칭시켜주는 좆병신 랜덤박스같은게임ㅋㅋ 병신 쓰레기같은 게임ㅋㅋ오버워치탈출은 지능순ㅋㅋ,False,3
핵 안잡냐,False,8
개노잼 사람들도 별로없음 근데 영웅은 115판해야 풀리는 새끼들도 있음 애초에 뉴비 유입도 안되게 해놨네 게임보다 못나가는 이유가 이건 과학이다 오버워치는 이제 망겜이 맞다,False,3
짱개들 종일 핵쓰면서 게임해도 제제 안하는 개똥겜,False,0
에휴,False,8
벨런스 문제를 떠나서 유저들이 병신임 유저들이 망친게임,False,3
미러워치는 내 인생 최고로 재밌었어요 좋아요 드릴테니 다시 나오길 기대합니다 오버워치 말고 미러워치 주세요 차피 옵치 망했잖아 미러워치 줘,True,8
오버워치 사랑해요,False,8
운영해야 게임을 망칠 수 있을까를 사흘밤낮으로 고민한 결과물,False,8
데스매치 같은 아케이드 커스텀에서는 문제가 없는데 일반 경쟁에만 들어가면 게임이 불가능할 정도로 심각한 렉이 걸리는지 이해를 못하겠다 게임은 다 잘만 되는데 게임만 이러는거지,False,8
그냥 바스티온 하고싶어서 켯다가 도전과제로 열어야한다길래 빠대 몇판 돌렸는데 맥크리 핵만나서 죄다 대가리뚫리고 지움,True,8
sms 등록부터 시작해서 걍 얘네는 게임을 시켜줄 마음도 운영을 할 생각도 없음 하지 마셈 낭비 나름 옵치1 때부터 종종 즐기던 게임이였는데 정이 떨어질 떄로 떨어져서 쳐다도 보기 실핟,False,8
음 오랜만에 똥겜 상태좀 보러왔는데요 아직 똥이네요 감사합니다,False,8
시발 ㅈ병신 게임 새로 시작해보고 싶어서 들어왔는데 인증 개어렵게 꾸역꾸역 20개 다 완벽하게 했는데 안된다는거야 병신년들 인증 처 했으면 게임하게 해줘야지 뭔 퍼즐을 처 풀게하냐 이러면 나같은 새로운 유입도 없고 운영도 ㅈ병신같이 하고 엿이나 처먹어라 개병신년들,False,3
좆병신게임임,False,3
개망겜,False,8
tq 로그인은 시켜줘야 할거 아니야,False,8
로그인 줫같이 만들어놨네 휴면계정 풀려고 본인인증 시키더니 성명 작성 하라해놓고 한글타자 못쓰게 하는건 고도로 엿먹이냐 블리자드 ㅅ213발아,False,3
돌리면 매칭되는데 친구랑 같이돌리면 십발20분 넘게 매칭 안됨 병 쉰,False,3
아케이드에서 핵 판치는건 쫌 레전드네 그냥 망했음,False,8
힐러 탓 고마해라 bitch 들아,True,3
너무 재밌어요,True,8
내 20대 초반을 갈아 넣었던 게임 추억의 게임을 더럽히다니 블리자드 병신들은 비추나 먹어라,False,3
추억에 젖어 다시시작함 스킨퀄리티 개박살 나있음 아직도 옆동네 롤이랑 너무비교됨 배틀패스 사고싶은 욕구가 안남 퀄리티가 개박살나있어서 스킨 종류도 아직도 이것밖에없고 ㅠ 챔피언이 이정도 밖에안나옴 거따 렙업하면 상자보상 받을수있는거 다없에버렸네 돈맛에 빠져버린 흑화한 블리자드,True,8
개 병신 게임 오류하나 못잡을거면 스팀 버전을 대체 왜내는거임 좆같은 월급루팡 새끼들,False,3
재미있따,True,8
아니야,False,8
게임 토스 결재 했는데 안들어와서 환불 요청 할려더니만 토스 환불 안된단다 절때,False,8
솔직히 재미없었는데 친구가 엉엉울면서 해달라고 해야지고 깔았는데 막 그냥 하니까 재밌어져서 재밌게 하고 있습니다 이게뭐람,True,8
재미는 있는데 예전 같지는 않다 더 블라자드는 수면 위로 뜨지 못할거,False,8
출시 이후 핵 못잡는 게임 지겹다 아직도 못잡네,False,8
사실 요즘은 망겜이미지 벗어나려고 별 노력 다하는데 사람들이 해보지도 않고 망겜이미지 싸이니까 게임이 망하는거 같음 게임 자체는 휼륭함,True,8
재밌긴 더럽게 재미있네 1과 2의 다른점은 1편의 사기캐릭들이 너프되어 다들 고만고만한 캐릭이 된거같음 그중에서도 한없이 안좋은 캐릭은 아직 보임,False,8
자꾸 후불 요금제 전화번호 입력하라고 뭐라 하는데 멀쩡한 전화번호는 아예 받지도 않는다 운영도 말아먹었으면 게임을 하게는 해줘야 될 아니냐 도대체 운영을 하길래 모든 평가가 부정적이냐 pve전면유료화 됐을 때부터 게임은 거들떠도 안봤다 그런데도 한번 해보려고 용량까지 비워서 게임 깔았는데 이게 말이냐 도대체 게임은 잘 만들었는데 운영을 망치는 이유가 뭐냐 궁금하다 오버워치1이 더 나았다 운영 진짜 바비코틱 조카가 운영하냐 초3이 해도 이정도로 운영은 안한다 스타크래프트 디아블로같은 타이틀 갖고 있으면서도 운영을 이렇게 하는거 보면 블리자드는 게임을 버린게 맞는 제발 유저들의 말을 들었으면 좋겠다 야겜보다도 평가가 낮냐 게임 제대로 만들어라 정신 차려라 오버워치1이 있었던 시기로 돌아간다면 여한이 없다,False,8
내가 사랑하는 최고의 게임,True,8
제발 옵치1로 다시돌아와줘,False,8
발로란트 보다 재밌음 롤할때 멘탈터지면 하기좋은게임,True,8
망겜망해라,False,8
노잼,False,8
왜욕하는진 잘 모르겠는데 둠이나 다시 딜로 만들어라 게이들아,True,5
둠피삭제좀,False,8
갓겜,True,8
간편설정 증발,False,8
옛날로 돌아와다오,False,8
모든 정치를 탱탓을 한다 덕분에 접었어요,False,8
아무리 좋게 보려해도 보다 나아지긴 커녕 퇴보한게 맞다,False,8
시발이게헤드,True,3
이거 너무 재밌고 중독성 있네요,True,8
재밌음,True,8
핵전쟁 게임이던 시즌 4가 그립다 그것은 이제 없는 세계인것인가,True,8
망겜,True,8
운영 ㅈ도 못하네,False,3
미꾸라지 한 마리가 온 물을 흐린다는 속담 알아 내 개인적으로 생각하는 게임의 가장 큰 문제는 밸런스도 운영도 핵도 아닌 플레이어야 그냥 Player라고 그게 소리냐고 글을 보는 당신이 모든 채팅을 켜고 빠대든 경쟁이든 뭐든 돌리면 알게 될 거야 비난 힐난 무시 정치질 괜히 탱징징 딜뻔뻔 힐무능 말이 있는 게 아니잖아 나도 못하는 거 알아 내 에임은 썩어서 헤드가 아닌 몸을 쏘는데도 하나도 맞추지 못하고 움직임도 단조로워서 공격이란 공격은 죄다 쳐맞지 힐을 주고 싶어도 항상 뒈지고 탱으로 지켜주고 싶어도 나대다가 뒈지고 딜로 캐리를 하고 싶어도 한 발도 못맞추고 상대 메르시한테 농락당하다 뒈지기까지 해 그것도 경쟁전에서 젠장 내가 보기에도 저주받은 실력인데 남들이 보기에는 오죽하겠어 답답한 것도 욕하고 싶은 것도 알겠어 이해해 말이야 알려줄까 나는 10시즌이 시작되면서 유입된 뉴비야 오버워치 1도 하지 않았어 나는 탱커도 딜러도 힐러도 빠대도 경쟁도 오버워치라는 게임의 모든 것이 처음이라고 뭐 상성이 있다는 것도 최근에 이게 포켓몬도 아니고 나보고 어쩌라는 거야 못 하는데 한번도 해본적이 없어서 쳐 맞아가면서 배우고 있는데 나는 너무 미안해서 아무 말도 하지 못했어 우리팀에게 말을 해줘야 할지 모르겠더라고 너네가 나한테 못한다고 욕하는 걸 뭐라하고 싶은 게 아니야 나는 이겨서 티어를 올리고 싶은데 웬 ㅄ이 옆에서 ㅈㄹ를 떨면 나라도 화가 날 테니까 순하게 이야기하거나 괜찮다고 달래달라고 내가 뭐 큰 걸 바라니 너희에게 페이커 같은 실력을 보여달라고 했니 아니잖아 나는 아무것도 모르는 뉴비란 말이야 너희도 사람이라면 뇌에 필터라는 게 있을 거 아니야 없는 사실을 지어내거나 가족을 건들거나 하냐고 미안한 마음도 사라지지 ㅅㅂ련들아 하아 모든 사람이 그렇다는 건 아니야 착한 사람들이 더더욱 많지 나를 위로해주던 사람도 있었고 못한 걸 욕했지만 잘한 걸 칭찬해주는 사람도 있었고 햄찌는 상대편인데도 내가 조작법을 모르는 같으니까 같은 팀에게 양해를 구한 뒤에 친절히 알려주기도 했어빠대였어 경쟁은 아니야 내가 아직 오버워치를 접지 않고 계속하고 있는 이유이기도 하지 정치질 과도한 비난과 힐난을 해대는 한 마리의 미꾸라지들에게 말할게 나도 알아 못한다는거 그것도 더어어어어어럽게 못한다는 걸 그렇다고 너무 뭐라고 하지 말아줘 너희도 사람이듯 나도 사람이니까 경쟁이든 빠대든 돌렸다는 건 나같은 놈을 만나겠다는 각오를 한거잖아 너도 알거 아니야 너나 나나 우리는 대상혁이 아니라는 걸 말이야 PS 힐 브론즈에 자유 실버인 나와 매칭이 잡힌다는 건 너희도 똑같이 못한다는 소리 아닐까,False,3
애 증,True,8
6대6 롤백기원,True,8
일반게임을 돌려도 고인물들이 너무나도 많아서 초보자에겐 진입 장벽이 지나치게 높음,False,8
굿,True,8
메르시야 듣지마 넌 누가 뭐래도 최고의 힐러야,True,8
망겜인데 잘만든 망겜,True,8
중국인인척하는 대만인들이 저를 괴롭혀요,False,0
병신겜,False,3
로그인 무한로딩부터 고쳐야함,False,8
게임의 장점은 블리자드 게임에 싫어요를 누를수 있다는 점,False,8
블리자드넷에서는 못주는 평가 여기서 드디어 준다,False,8
재미가 있는가 X 뉴비친화적인가 X 게임사는 재대로 된 운영을 해주는가 X 타 게임보다 게임을 하는게 나은가 X 핵은 미쳐 날뛰는가 O 감정적으로 힘이 드는가 O,False,8
벨런스 최악의 fps 업데이트 시 너프 먹어야 할 챔 버프 먹어야 할 챔 운영으로 갈수록 언벨런스 심화,False,8
재이,True,8
1을 유지하든가 떠났어야하는게임,False,8
씨발 회원가입 존나오래 걸리네썅이렇게 오버워치를 하려던 또하나의 뉴비가 사라진다,False,3
로그인 인증 하네 퍼즐이 우측에 5개의 주사위 합이 왼쪽숫자이랑 똑같은걸 똑같은걸 10번이나 찾고 하나만 틀려도 10개 다시 해야하네,False,8
재미없다 가라,False,8
총쏘는게 재미있음,True,8
걍해 할게임없으면해,True,8
망겜,False,8
게임은 재밌다 운영도 재밌다,True,8
스토리모드를 중심으로 만든다고 넘버링까지 붙여가며 2로 바뀌였는데 스토리모드를 진즉에 취소하고 PVP로 간다 뭐하러 옵2를 만들고 새로운 엔진을 만들고 뭐하러 변경함 그거때매 옵1은 패치도 없이 방치했던 기간이 몇년인데 유저들에게 스토리위주로 간다고 다 띄워놓고 취소 하는부분에 진짜 실망스럽다 블쟈 본인들이 하는말을 지켜주었으면 좋겠다 추가 10시즌 중반 패치를 진행했는데 모든 신화스킨경쟁전에 돌입하자마자 튕기거나 도중 튕기거나 하는등 서버관리나 그외 부분이 매우만족스럽지 못하다,False,8
재미있음,True,8
재미있습니다,True,8
난 재미있는데 다들 똥겜이라고 할까,True,8
똥,True,8
세상에 뭐 이런겜이 인기가 많은건지 모르겠네,False,8
예전에 중딩때만해도 빛나던 게임이 어쩌다 이렇게된걸까,False,8
사실상 패작부계양학핵 얘들이 접속자 절반 정상인이 절반 이거 어쩔라고 그러는거야,False,8
염병 시발 배틀넷 에미 시발 거 로그인 존나 힘드네 간단하고 쉽게 만들어 시벌새끼들아 몇번을 인증하게 만드는 거여 드러워서 안한다 니미럴 시발년들아,False,3
넘누많이팅겨요 진짜로많이팅겨요,False,8
세계최고의게임,False,8
최근에 사람들이 다시하자고해서 해봤는데 예전이랑 뭔 차이가 있나 싶긴함 추천도 비추도 아닌데 그대로인지 모르겠음,False,8
재밌어서요그거 빼고는 없어요 좨송합다,True,8
h1 오버워치2 h1 b 블리자드의 영광은 다시 찾아볼 수 없는 것인가 b 가격 정가 구매 추천 30이상 할인 구매 추천 50이상 할인 구매 추천 80이상 할인 구매 추천 ✅ 무료 게임 그래픽 아름다움 ✅ 좋음 보통 나쁨 호불호 갈림 사운드 환상적임 ✅ 좋음 보통 나쁨 게임성 아주좋음 좋음 ✅ 보통 별로 호불호 갈림 환불 사양 하이엔드 사양 RTX4090 플래그십 사양 RTX4070 메인스트림 사양 RTX3070 ✅ 엔트리 사양 RTX3050 GTX16XX ✅ 세대 사양 GTX10XX GTX9XX 사양을 타지않음 난이도 다크소울 맨손 클리어 매우 어려움 어려움 ✅ 보통 ✅ 쉬움 아주 쉬움 버그 버그를 보기 힘듦 사소한 버그로 플레이에 지장 없음 ✅ 플레이에 지장 있음 아타리 게임 과거 한국의 PC방 점유율 부동의 1위이던 리그오브레전드의 자리를 탈환할 호평을 받았었던 게임이었으나 시절의 영광은 찾아볼 수 없다 전작과 비교하여 무료 게임화 많아진 이벤트 특유의 좋은 최적화는 더할 나위 없는 장점이다 다년간 공백에서 대규모 패치된 후속작이나 PVE 콘텐츠의 경우 유로 DLC로 출시되었으며 해당 가격에 판매를 하는 것이 맞을까 싶을 정도로 부실하고 블리즈컨에서 발표되었던 PVE 콘텐츠들도 완벽하게 개발되어 업데이트되지 않았다 전작과 비교하여 게임에 영향을 주는 버그가 상당히 많다 넘버링이 바뀐 것만큼의 차별점이 있는지 의문이다 h1 15 h1 h1 추천 하지 않음 h1,False,8
망겜,False,8
에휴 신챔이나 내라,False,8
쓰레기 게임 있음 오버워치2 하지 마셈 오버워치1 하는게 2년전 오버워치1 많이 했는데 이렇게 쓰레기 게임 됐지 안좋은점 중국서버를 따로 운영하지 않는 한 추천으로 바뀔 일은 없을 갈음 핵 유저 넓은 유저풀이 없어짐 고인물 뉴비유입 힘들어짐망함,False,8
존 똥 게 임,False,3
오버워치1보다 최적화가 정말 심각하지만 컴퓨터만 받춰준다면 괜찮음 스팀 서버와 운영하게되면 짱개들의 핵을 감당할 수 없을 듯 가뜩이나 요즘 블리자드 인식도 안 좋은데 배틀필드 시리즈와 배그같이 짱깨 핵판이될 가능성이 매우높아보임,True,0
무한 쉴드 메타 없어지니까 할만한듯 오랜만에 왔는데 생판 처음 보는 놈들이 5할이라 쉽지 않더라,True,8
완성도 있는 fps가 없다,True,8
상대가 욕하고 시비걸어도 나만 정지먹는 쓰레기,False,8
재밋음,True,8
ㅄ같은 게임 걍 너네 회사는 제발 망해라,False,3
가끔 하고싶어지는 게임,True,8
어우 타격감이 쥑이네,True,8
한판에 핵 한놈은 꼭있다,False,8
그냥 하지마셈,True,8
Tlqkf 이거 띵작이다,True,8
재미있엉,True,8
노잼,False,8
병신겜,False,3
사람이 없어서 붙잡아 두려는건지 게임 중간 나가면 탈주 패널티가 생김 칭찬 점수고 자시고 관심 없는데 큐 강제로 대기시간 5분이 생김 인기가 없어서 사람을 붙잡으려는 건가 도중에 들어가던 말던 어차피 일겜인데 뭔 상관인지 이해가지 않음 같은 하이퍼 fps게임인 에이펙스 레전드는 일반대전 도중에 나가도 아무런 패널티가 없는데 이건 너무 크게 다가옴 삭제,False,8
납작해졌군,True,8
홀로 팀 보이스로 브리핑 없이 남 탓만하던 그의 목소리를 나는 잊지 못할 것이다,False,8
똥주뿌쉰저우,True,0
재밌겠냐,False,8
생태계교란종 코코볼,True,8
짧은 기간 갓겜이었던 오버워치 ver20 배그가 등장하기전 20162017년은 정말 오버워치의 시대였습니다 거짓말 안보태고 남녀노소가 즐기던 fps게임이었습니다 FPS를 처음해보는 여성분들이 메르시 디바 등으로 유입되었고 벽타는 루시우 한방 활컨셉의 한조 망치광 라인하르트 저격하는 힐러 아나 닌자컨셉 겐지 저격의 위도우메이커등 다양한 컨셉의 캐릭터들로 라이트 게이머와 하드 게이머 트롤 모두가 화합하는 장이었습니다 FPS 게임으로써는 드물게 남녀파티도 많았고 즐거움도 많았습니다 프로 리그도 시작되고 미로 류제홍 새별비등 스타 플레이어들의 현란한 플레이는 모두를 자극했습니다 말도 안되게 느려터진 컨텐츠 추가 괴상한 PC도입등 문제가 불거지기 시작했고 그즈음 등장한 역대급 히트작이 오버워치의 숨통을 끊어놓습니다 진퉁 역대급 국뽕 게임 배틀그라운드가 출시된 것입니다 자연스레 저도 배그로 갈아타게 되었고 6년간 오버워치는 잊고 살았습니다 더더욱 폭망의 길을 걷는걸 보고 스킨에 많은 돈을 부었지만 접길 잘했다고 생각했죠 그러던 와중 2023년 오버워치2 정식출시되고 스팀에도 등장하게됩니다 한때 사랑했던 게임이기에 다시 해보았고 그때의 향수가 느껴지는 듯 합니다 제발 부활해서 다시 재미를 주면 좋겠습니다,True,8
7점,False,8
똥쓰레기게임 블리자드 망해라,False,8
점점 우상향중인 갓겜 오보오치,True,8
겜 망함,False,8
섭종기원,False,8
재미있다,True,8
똥겜,False,8
핵 있어도 상관없음 걍 재밌으면 됨 h3티어 높으면 자랑하는거 말고 인생에 도움되는게 뭐임 폐미니스트들이 명품산다고 돈낭비 해서 허영심 채우는거랑 뭐가 다름 앰생찐따 여미새 폐미h3 초딩시절에 이거 하던애들이 나이먹고 본게 많아서 깨달은게 가장 유력하고 아직도 앰생찐따짓 하는 애들은 나이먹고도 정신 못차린 꼰대 h3발악해서 높은점수 찍으려고 하는거 너무 하탆음 여유롭고 느긋한 마음가짐으로 가볍게 높은점수 찍는게 베스트h3 핵 있어도 상관없음 걍 재밌으면 됨 여미새들은 사람이 추해보이고 불쌍함 걍 뭐가 없어보임 불치병이라 여미새들은 뭐가이상한지도 모를걸 h3높은 점수 찍고 싶다고 남에게 피해주는 정신병자들h3 본인이 핵의심 받으면 그건 잘한거고 나보다 더 잘하는애는 기분나빠서 핵이라고 한다 앰생찐따 하남자들의 게임 그들만의 대화,True,3
중국인 만나면 게임 짐,False,8
h1 매칭병신겜 h1 메르시 원챔 안 만나기하면 다음판에 메르시 원챔을 만남 메르시한테 힐러 가능하냐 물어보면 읽씹or발작 메르시 원챔한테 게임 돌리지 말고 밥이나 하러가라 했다고 채팅금지 듀오로 메르시 원챔 6명 팀밴 넣어두고 이제 안 만나나했더니 딜모이라 만남 힐만 꽂지말고 공벞 꽂으라고 했다고 삐져선 하루종일 공벞만 꽂는 메르시 유저는 한 트럭으로 만나본 거 같네요 상대 팀엔 키리코 바티스트 넣어주고 팀엔 모이라 메르시 넣어주는 블쟈가 너무 밉습니다 게임할 때는 담배 안 피러가는데 오버워치는 매판이 고비라 한 판 끝나면 담배 피러가야함 오버워치가 저를 꼴초로 만듭니다,False,3
핵 뭐냐 캐릭터 찍어내기만하면 뭐해 핵이 판치는 겜이구만 스트레스 받지말고 다른겜하러가셈,False,8
배틀냇이랑 스팀아이디 연동을 ㅈ같게 해놨노,False,3
오버워치1이랑 바뀐점 1그래픽 2그래픽 3그래픽 4그래픽,False,8
게이,True,5
재밌음,True,8
생각없는 개발자들,False,8
병신같은게임 피드백한것도 신고받으면 욕설로 차단 필수적인 브리핑도 못하게 모든 소통 차단 그냥 병신겜 그냥 그대로 망해라,False,3
재밌노 많이해봐라,True,8
게임이 아주 좆네요,True,3
걍 신캐고 뭐고 둠피 이씨발련 너무 하기싫음 둠피 하는새끼들 평균이 양심 하나도 없이 처뒤져서 꼬우면 너도 하던가 이러는데 누가 둠피를 하고싶대 둠피가 없는 오버워치를 하고싶은건데 븅신 쓰레기들이 개패고 싶게 하고 둠피스트 이새끼는 그냥 우리집가게 주방까지 처들어와서 음식내오라고 난장판 내고 나가는데 책임하나도 안지고 돈하나 안내고 잘 들렀다 갑니다 함 걍 이새끼를 만든지 모르겠음 둠피 씨발련이 아니꼬와서 접을게요 그냥,False,3
블리자드는 죽었다,False,8
비추,False,8
곧있으면 성별 크레파스 나온다 애들아 존버타라,False,5
사람들이 평가글에서 유저 수준을 괜히 언급하는게 아니다 조용하다가도 게임이 잘 안풀리면 정신병걸린 애들이 꾸득꾸득 기어나온다 특히 트위터할거 같은 말투로 시비걸면 찢고싶다,False,3
10분 기다려서 10분만에 끝나는 게임,False,8
내 인생을 갈아넣은 게임 언젠간 할 친구가 생기겠지ㅠ,True,8
내가 다른건 모르겠고 진짜 짜증나서 쓰는건데 협동미션 메르시 못하는게 왜이렇게 많음 스토리고 나발이고 올영웅 언락모드 추가하는게 그렇게 힘들었나 이럴줄 알았으면 안 샀어 메르시 추가는 처 안해놓고 스킨은 처 냄 가격 n만원 ㄷ신새끼들 운영 ㅈ같이 하네,False,3
요즘은 매칭안잡히는거말곤 괜찮지않음 일단비추,False,8
오버워치1에 비해 맵이 많이 난잡한 것만 빼면 오버워치1 느낌 나서 좋네요 1에 비해 발전된 느낌은 없는 느낌,True,8
유저들 수준부터 겜 벨렌스 운영까지 최악의 악을 달리는게임임,False,8
캐릭터가 섹시해지면 겜이 망하기라도 스킨들 보고 살만한것들은 몇개밖에 안됨 게이 트젠 바이 뭐 쓸데없는 설정 신경쓰지말고 겜이나 신경써,False,5
흠 할만한데,True,8
이딴거 하지말고 딴겜해,False,8
옵치는요 겁나 재밌는 겜임s,True,8
평균이 너무 높다나만 그런가,True,8
굳,True,8
꽤 재밌다,True,8
그냥 생각없이 일반전하기에는 괜찮은거 같기도 16년도당시의 그때의 추억이 생각남,True,8
오버워치 1에 비해서는 옛날 느낌이 퇴색된 같지만 지금도 재밌습니다,True,8
말이 험하고 능지가 딸리는 노매너 유저가 많음,True,3
재미있음 근데 사람들이 욕함,True,8
10시즌은 최악의 시즌이 맞다 모든 딜러들 상대적 박탈감 느끼게 하는 벤처에 티어차이가 안나도 넓은 그룹경기 이지랄 힐러 탱커 매칭시간 20분 걸리게 하질 않나 핵은 안잡고 팀엔 중국인 한두명 씩 있어서 소통도 안돼 신화스킨 성능 박은 메르시 모이라 같은 챔프로 낼꺼면 쓸 수 있게끔 버프를 하던지 얘는 2019년도에 섭종하는게 맞았다,False,3
쓰래기 게임,False,8
좋지 않은게임,False,8
에휴,False,8
진짜 망겜 1때도 업데이트할꼐요 이러고 3년간 아무소식없음 겐지뽕값하는 트레일러내고 뭐한건지 그러고 마인크로소프트가 가져와서 계속 이상한겜으로 만드는중 솔직히 중국 짭퉁오버워치하는게 나을듯,False,0
탱커도 인권이 필요하다,False,8
너무 재밌네요 하시는걸 추천합니다,True,8
재밋따,True,8
아항 기모찌,True,3
다시 6ㄷ6 만들어 새끼들아 탱해서 서럽네,False,3
시그마 버프,True,8
걍재밌음,True,8
깔롱 쌈뽕함,True,8
어쩔까,False,8
니네 여긴 왜왓냐 욕만 처먹을꺼 뻔히 알면서,False,8
발로 하다가 이거 하니까 신선하고 재미있음 할 게임 없으면 이겜 추천,True,8
똥겜,False,8
개잼,True,8
음 걍 재밌음,True,8
인성 빻은 유저들과 정신나간 블리자드 환상의 콜라보,False,8
2오면서 망한 게임,False,8
재밌음,True,8
정말 재밌어요,True,8
개줫같은 게임 영웅 밸런스 ㅈ도 쳐못맞추고 넌 그냥 아나가 신챔으로 나왔을 때가 전성기였어 이렇게 갓겜을 개밥버러지같은 운영방식으로 쳐말아먹네,False,3
갓겜,True,8
게임 재미는 있습니다만 서버 규칙이 엉망입니다 경쟁전에서 팀원이 중간에 탈주를 하면 나머지 팀원들은 탈주하더라도 패배 처리가 됩니다 나가고 싶어도 나갈 수 없는 실정입니다 게임에 규칙을 집어넣어서 유저들을 피곤하게 합니다,False,8
이건 아니잖아요,False,8
병신겜,False,3
오버워치 오리진에디션에 6만9천원을 썼었다 벌써 7년전일이다 이정도의 퀄리티를 가진 게임에 이정도 돈을 쓰는게 아깝다는 생각은 전혀 들지 않았었다 이게임은 내인생에서 처음이자 마지막으로 나를 설레게 할 갓겜이라고 생각했기 때문이다 는 개뿔 그렇게 생각했던 내가 병신이었다 나는 2로 넘버링이 바껴도 오버워치1을 돈주고 산 유저들에게 보상은 제대로 해줄줄 근데 씨발 보상이 고작 신캐 몇개 무료로 해금해주고 솔져였나 맥크리였나 스킨 두 개 던져주고 끝 ㅋㅋㅋㅋㅋ옵치2 서비스 시작하던날 두근거리던 마음으로 오버워치2에 접속했다가 어이없었던 기억이 아직도 생생하다 오버워치1 일반판이 정가로 4만 8천원인가 했었고 오리진 에디션이 6만 9천원정도 했었는데 결론적으로 오버워치1역시 2개발한답시고 방치하느라 돈값을 못하는 게임이 되버렸는데 막상 2나오고 보니 바뀐건 개좆같은 과금구조에 pve모드 대폭축소ㅋㅋㅋ 도대체 4년동안 뭘한건지 알 수가 없다 개발은 뒷전이고 유저들 등골이나 빼먹을까 연구중이셨나 4년간의 결과가 결국은 2시간분량의 허접한 스토리모드라는걸 유저들이 도대체 받아들여야하냐 그래씨발 100번 양보해서 다 이해한다고 쳐 최소한 오버워치1 돈주고 산 유저들에게는 저정도 스토리모드는 그냥 풀어줘야 상도에 맞지 않냐 스토리모드라고 해봐야 개 좆같이 만들어놔서 분량도 존나 적은주제에 저걸 패키지로 18000원에 팔아먹어 진심 가정교육을 쳐받은거냐 유저수 줄어드니까 스팀출시를 결정했는지는 모르겠는데 스팀으로 출시하면 유저들이 너네들한테 환호라도 해줄줄 꿈깨 병신들아 유저들은 호구가 아냐 이제는 한마음 한뜻으로 너네가 망하길 진심으로 바란다 사기꾼 새끼들아 추가 이새끼들 pve개발 취소함 한번에 결정한건 아닐테고 예전부터 간보고 있었다는소린데 더 괘씸한게 이미 오래전부터 pve개발 취소할 생각이었으면 데모버전수준의 스토리모드를 유저들한테 18000원에 팔아쳐먹음 진짜 개 버러지같은 새끼들이 따로 없네 사기꾼 새끼들이 게임업계 물흐리는게 너무 유감스럽다,False,3
그런걸로 오버워치 성인물 콘텐츠 만드는 사람들이 더 열심히 일함,False,8
옛날 그떄 시절을 추억하면서에임 연습 하는 무료겜,False,8
ㅄ같은 게임 ㅄ같은 운영 ㅄ같은 중국인,False,0
힐러차이 딜러차이 탱커차이 모든차이가 난발하는 전장에서 다 나랑 똑같은 수준이니 니나 잘하세요,True,8
병신겜 2시간 겜하는대 6번이나 튕기는 병신겜이다 내가 이게임을 블리자드에서 했는대 돈주고 이겜 사고한것에 후회 많이 한다 이딴겜에 돈을 썻다니,False,3
뒷골목 맛집 원탑 게임,True,8
경쟁전 패작러 핵 대리 쳐 잡거나 아님 빠른대전 탈주를 막거나 해야하는데 들을리가 없지,False,8
옛날만큼 재밌지는 않지만 오랜만에 하니까 나름대로 재밌었음 아쉬운점을 적어보자면 1탱으로 바뀐것 전반적으로 내구도가 오른것 오버워치 1의 맵들이 안나오는것 pve 기대했는데 기대이하였던것 정도,True,8
pve 폐기했으면 pvp라도 잘만들어야 하는데 뭔 2판에 한 번씩 트롤이랑 핵을 만나냐,False,8
너무 재밌어요,True,8
재미있다,True,8
그냥 오버워치 초창기로 와라 진짜 시발 애들 스킬도 병신 됐고 맵도 병신됐고 물리엔진도 병신됐네 오랜만에 생각나서 해봤더니 진짜 그냥 병신겜 됐네,False,3
유저가 망친 겜이겠음,False,8
오버워치는 죽었다 스팀의 수치나 다름없는 게임이다,False,8
재밌음,True,8
옛날에 즐겨해서 다시 해봤는데요 핵쟁이부터 시작해서 질 낮은 채팅까지 마음에 안 드네요 게임 관리는 안 하나요,False,8
개추 박음,True,8
벤처 너프좀,False,8
왜난 재밌냐 2024408평가수정 말아먹은 운영으로 게임이 구렁텅이에 빠지고 얘들아 난 이미 늦어서 계속할거같은데 플레이 하다보니 사람들에게 추천하고싶은 게임은 아닌것 같다는 생각이 든다,False,8
랙이안걸림,True,8
대규모 패치는 맞다 공백이 4년이라 문제지,False,8
솔직히 재미는 있음 운영이나 캐릭터 밸런스 문제 문제는 있겠지만 게임자체는 존나 재밌음,True,8
망겜,False,8
캐릭 잠겨있는 꼬라지를보니 겜이 처망한 이유를알거같네요,False,8
팀 병신게임,False,3
귀한 곳에 누추한 분이 계세요,False,8
아까 분명히 고양이 똥을 치웠는데 똥냄새가 나지,False,8
재밌음,True,8
다 재밌습니다,True,8
생각보다 재밋음 굿,True,8
매치가 아주 전보다 잘잡히네요 굿,True,8
마이크로소프트가 인수하고 나서 게임이 재밌어짐,True,8
오버워치는 시계,True,8
아시발로그인만1시간짼데왜자꾸안되는데연동해제연동해제연동해제연동해제연동해제연동해제연동해제연동해제연동해제연동해제연동해제연동해제연동해제연동해제연동해제연동해제연동해제연동해제연동해제연동해제연동해제연동해제연동해제연동해제연동해제연동해제연동해제연동해제연동해제연동해제연동해제연동해제연동해제연동해제연동해제연동해제연동해제연동해제연동해제연동해제연동해제연동해제연동해제연동해제연동해제연동해제연동해제연동해제연동해제연동해제연동해제연동해제연동해제연동해제연동해제연동해제연동해제연동해제연동해제연동해제연동해제연동해제연동해제연동해제연동해제연동해제연동해제연동해제연동해제연동해제연동해제연동해제연동해제연동해제연동해제연동해제연동해제연동해제연동해제연동해제연동해제연동해제연동해제연동해제연동해제연동해제연동해제연동해제연동해제연동해제연동해제연동해제연동해제연동해제연동해제연동해제연동해제연동해제연동해제연동해제연동해제연동해제연동해제연동해제연동해제연동해제연동해제연동해제연동해제연동해제연동해제연동해제연동해제연동해제연동해제연동해제연동해제연동해제연동해제연동해제연동해제연동해제,False,3
고인물 새끼들이 가까이 와서 뉴비 도발로 놀리고 지랄하는거에 질려서 삭제하는 경우,False,3
나는 이야기를 무척 좋아한다 오버워치 시절 게임구매 유저들을 호구로 볼뿐아니라 도구였음을 상기시켜준다,False,8
오버워치1 돌려줘 투탱 그리워,False,8
쓰레기 같은 게임입니다,True,8
말해뭐해,False,8
구글로그인 누르면 로그인이 안됨 계속 브라우저로는 로그인이 안된다고 떠서 하려고해도 못하게 막네 적어도 게임은 하게 해줘야 되는거 아니냐,False,8
정신병동에도 아침은 오는데 여기는 출시 이후부터 계속 똥통이냐,False,8
처음은 어려운데 하면 할 수록 잘하게되서 재밌음,True,8
잼있긴함,True,8
병신같은 게임,False,3
예나 지금이나 쓰레기같은 게임성 장애인 같은 설정 멍청한 개발자 팀 해체를 바람 ps 게임이 병신이니 남아있는 유저들이 다들 정신병자 장애인들 밖에 없음,False,3
ㅈ노잼 블리자드 망한 거 다 티나노 영호ㅘ나 만들어라 할리우드 새기들아,False,3
오바왓치,True,8
너무너무 재미있어요 추천합니다,True,8
40시간 전까진 옵치1하던 기억으로 버텼는데 누르기가 귀찮음,False,8
스팀으로 오신 것을 진심으로 환영합니다,True,8
나는 재밌음,True,8
너무 재미있어요 처음에 렉걸리는건 빼고,True,8
욕하는건지는 잘 모르겠는데 나는 재밌음,True,8
신캐 너무 못생겼어요 이럼,False,1
자리야 너프좀 자리야 너프좀 자리야 너프좀 자리야 너프좀자리야 너프좀 자리야 너프좀 자리야 너프좀 자리야 너프좀자리야 너프좀 자리야 너프좀 자리야 너프좀 자리야 너프좀자리야 너프좀 자리야 너프좀 자리야 너프좀 자리야 너프좀자리야 너프좀 자리야 너프좀 자리야 너프좀 자리야 너프좀자리야 너프좀 자리야 너프좀 자리야 너프좀 자리야 너프좀자리야 너프좀 자리야 너프좀 자리야 너프좀 자리야 너프좀자리야 너프좀 자리야 너프좀 자리야 너프좀 자리야 너프좀자리야 너프좀 자리야 너프좀 자리야 너프좀 자리야 너프좀자리야 너프좀 자리야 너프좀 자리야 너프좀 자리야 너프좀자리야 너프좀 자리야 너프좀 자리야 너프좀 자리야 너프좀자리야 너프좀 자리야 너프좀 자리야 너프좀 자리야 너프좀자리야 너프좀 자리야 너프좀 자리야 너프좀 자리야 너프좀자리야 너프좀 자리야 너프좀 자리야 너프좀 자리야 너프좀자리야 너프좀 자리야 너프좀 자리야 너프좀 자리야 너프좀자리야 너프좀 자리야 너프좀 자리야 너프좀 자리야 너프좀자리야 너프좀 자리야 너프좀 자리야 너프좀 자리야 너프좀자리야 너프좀 자리야 너프좀 자리야 너프좀 자리야 너프좀자리야 너프좀 자리야 너프좀 자리야 너프좀 자리야 너프좀자리야 너프좀 자리야 너프좀 자리야 너프좀 자리야 너프좀자리야 너프좀 자리야 너프좀 자리야 너프좀 자리야 너프좀자리야 너프좀 자리야 너프좀 자리야 너프좀 자리야 너프좀자리야 너프좀 자리야 너프좀 자리야 너프좀 자리야 너프좀자리야 너프좀 자리야 너프좀 자리야 너프좀 자리야 너프좀자리야 너프좀 자리야 너프좀 자리야 너프좀 자리야 너프좀자리야 너프좀 자리야 너프좀 자리야 너프좀 자리야 너프좀자리야 너프좀 자리야 너프좀 자리야 너프좀 자리야 너프좀자리야 너프좀 자리야 너프좀 자리야 너프좀 자리야 너프좀,False,8
와우,True,8
2016년부터 시작해서 정말 오래 한 게임중에 하나인데 많이 안타깝습니다 본인들의 능력 부족을 인정하지 못하는 게임들이 점점 망해가는 것을 보면 소통이 중요한지 알 수 있는 같습니다 게임 이름 뒤에 2가 붙은거 치고는 게임 엔진만 바뀌고 스토리의미 없음나 캐릭터 등등이 그대로 가기 그냥 오버워치 리마스터 라고 불러도 되지 않을까 싶습니다 근데 개인적으로 ui가 더 구리네요 레벨 테두리도 없앤건지 모르겠고 게임성 자체를 까기는 그렇고 솔직히 잘 만든 게임은 맞아요 근데 이번에도 그렇고 계속 게임 스토리 제대로 안풀면서 얘는 트젠이고 동성애자고 뭐 이딴거 그만 넣읍시다 컨셉 갈거면 아예 에펙처럼 확실하게 밀고 나가야 된다고 봅니다 쪽이던 굉장히 애매하게 가기 민심을 조금도 못챙기는 겁니다 저는 시네마틱 만드는 회사 치고는 정말 게임을 잘 만들었다고 생각하지만 캐릭터 세부 설정 짜는건 이미 끝나고 스토리 진행이 있었어야 됐다고 보기 추천 안합니다 한 10년쯤 후에 재평가 하면 좋을 같네요,False,8
애미 씹 버러지 같은 년들 나가 뒤져라,False,3
핵 잡아라 병신 블리자드,False,3
옵치1이 너무그립다 섬광 메이cc기 너무그립다,False,8
재미있음,True,8
이딴거 왜함,False,8
역시 망겜,True,8
재밌음,True,8
가정교육 수준이 몹시 낮은 유저들이 모여서 이야기하는 사이버 고아원 랜덤채팅 욕을 들으면 성적으로 흥분하는 분들께 추천합니다 욕설 제재는 딱히 없는 듯하니 마음껏 욕하고 싶은 원생들께도 추천,False,3
개발자들이 유저를 3년을 기다리게 해놓고 PVE 취소에 밸런스 패치도 개판으로 이랬다가 저랬다가 장난치세요 게임 적응 하려고 하면 계속 바꿔대서 적응하기도 엿 같네요 앞으로 블리자드 게임은 손절하기로,False,8
1시즌인가 2때부터 해왔던 애정있던 게임 그동안 역경이있어도 참아왔지만 이제는 더 사라질 인류애도 없음 게임에 애정을 가졌다는게 짜증이 나고 분함 넓은 스펙트럼을 가진 인간쓰레기 집합게임 나는 이렇게 욕을하며 연어마냥 오겠지만 처음하시는분들은 지인들끼리 다인큐를 하거나 채팅팀보이스 막고 혼자하는걸 추천함,False,8
할게임 없을 떄 뭔가 하던 게임이 물려서 할만한 게임을 찾아볼 다시 해볼까 그떄 하면 개꿀잼,True,8
처음이 그리운 게임,False,8
스토리 모드 만든다더니 안만든다고 말 바꿔 통수 쳐버림 중국몽 그렇게 하더니 그냥 중국인 자체가 되어버린 블리자드ㅋㅋㅋ 하오하오 셰셰,False,0
옵치1버리고만든다는게고작이거냐,False,8
이걸 아직도 하고 있다면,False,8
제가 2017년부터 2020년까지 이게임을 했는데 2021년이후 영정을 당했습니다 이유는 욕설이라는 사유입니다 저는 시발 욕을 옘병 영정주는 게임을 처음 봤습니다 제가 가장 좋아했던 게임이였던건 사실입니다 이시바랄 개같은게임을 하직도 하고있는게 시발같네요,True,3
게임 중독 치료제,True,8
스팀에는 플탐이 50시간으로 찍여있을텐데 시메가 포탑 직접 설치하고 토르비욘 3단 포탑이 있던 시절부터 했음 옛날 추천하겠는데 오버워치 오고 유저풀이 졸여지고 졸여져서 빠대에서도 패드립 먹는 사건이 많아짐 하지 마셈,True,8
압도적으로 부정적인 게임은 도대체 이유일까 깔아보았다 삭제했다,False,8
예전부터 했지만 역시 2판만에 질리는 겜 이미 스팀 모든 평가가 말해주고 압도적으로 부정적 망겜이다,False,8
2019 우리는 정말 멋진 PVE 컨텐츠를 위해 옵치1의 개발속도를 늦추겠습니다 2020 어이쿠 코로나가 왔네요 정말 멋진 PVE 컨텐츠는 ㅤㅤㅤ지금 내부적으로 플레이 가능합니다 2021 걱정마세요 PVE 컨텐츠는 정말 멋지고 나올겁니다 2022 옵치2를 출시했습니다만 정말 굉장하도록 PVE는 나중에 내놓겠습니다 2023 PVE를 취소하겠습니다 스토리모드는 굉장하고 계속해서 낼거에요 2024 스토리모드를 취소하겠습니다,False,8
갓겜,True,8
애증의 게임,True,8
진짜 하지마셈 정신병걸림,False,8
심연이지만 재밌다,True,8
구제불능 말종 쓰레기 회사에 돈 쓰는 흑우없제,False,8
료나러 구함 Ry0naPlz3229,True,8
게임성은 좋다,True,8
욕하려고 깔았다 개씨발 블리자드고아새끼들아 겜운영을 하면 이렇게 병신같이 쳐할 수 있는건지 존나 신기방기한 회사임 병신겜회사는 태어나서 첨본다 제발 하루빨리 부도나 망하길 바란다 좆망자드 개씹새끼들아,False,3
옵치1 1시즌말에 유입된 사람인데 진짜 이게임 운영진의 의도를 도저히 모르겠다 힐러를 하지 않으려해요 기다려봐요 역할군 고정 넣을게요 남는픽을 하지 않으려해요 기다려봐요 이제 매칭 돌리기 전에 하고싶은 역할군 고르게 하고 매칭 잡힐때까지 게임 못돌리게 할게요 게임하고 싶으면 비주류 포지션 하던가 탱커가 없고 딜러가 많아서 딜러 매칭이 길어져요 ㅠㅠ기다려봐요 탱커매칭을 1명 뺄게요 딜러가 너무 많아서 매칭에 10분넘게 기다려요 기다려봐요 대기열 우선권 팔게요 핵패작양학트롤정치질이 판을 쳐요 기다려봐요 옵치 1을 없애고 2를 낼게요 처음부터 시작해요 힐러가 캐릭이 너무 없어서 쓰는 캐만 써요 기다려봐요 인기 영웅 팔다리 자를게요 탱커가 안죽어서 딜러하기가 힘들어요 기다려봐요 치유감소 넣을게요 탱커는 05초만에 녹을거예요 탱커살기가 힘들어요 기다려봐요 다같이 살기 힘들게 할게요 핵이 너무 안잡혀요 기다려봐요 히트스캔 판정 키울게요 님들도 유사 핵이니 님들이 잡아봐라 가위바위보 싸움 지쳤어요 조합에 다양성이 필요해요 기다려봐요 중복픽 가능하게 할게요 운영진이 바란것 가위바위보 게임 상쇄 현실 마우가 마우가 디바 아나 아나 이게 맞음,False,8
몇년전부터 했지만 둠피탱커는 언제봐도 너무 아쉽다,True,8
해ㅐㅇ,True,8
옵치1으로 롤백해라,False,8
같이해준다매,True,8
기존 오버워치1 유저가 할 거 없을 때우는 용으로는 좋으나 오버워치1 때의 임팩트를 다시 느껴보고 싶은 사람은 그냥 플레이 하지 않는 게 좋음 그쪽이 오버워치를 아름다운 추억으로서 남겨둘 수 있는 방법이라 생각,True,8
좆망겜임 하지마셈,False,3
재밌네요,True,8
망겜,False,8
시발 인생 최악의 게임,False,3
whs나 재미있다,True,3
재밌긴,False,8
트레이서 너무 좋음,True,8
ㅄ겜,False,3
재미있음,True,8
접속이 안되고 업그레이드 안되네요 빨리 고쳐주세요,True,8
씨발련들아,False,3
갓겜,True,8
개병신게임,False,3
재미없어요,False,8
퇴보하고있음,False,8
오버워치 해주세요,True,8
오랜만에 해서 재밌었고 다신 보지말자,False,8
알잖아 너를 이토록,False,8
레식같은 하드한 FPS만 하다가 오버워치 오랜만에 해보니까 시원하고 재밌음 계속 부활이 되니까 지루할 틈이 없음 계속 킬이 들어옴 맥크리만 헤드 따는 재미로 3판 연속 했던 같음 근데 뉴비 기준이라 고인물들 기준으로는 모르곘고 뉴비 본인은 재밌음,True,8
해행 버프 받았당,True,8
재밌는데 평가 이럼,True,8
16년도 17년도 때는 진짜 이만한 게임도 없었는데 요즘은 잘 모르겠음,False,8
대놓고 버그쓰네,False,8
친구들이랑 내전하기는 좋네 친구들이랑 5인큐 하시는 좋네 혼자하면 열받네,True,8
병신겜,False,3
20162018년도 까지만 해도 재밌었는데 많이 바뀌어서 쫌 엤날 감성이 별로 없네용,True,8
할 말은 많지만 재미없진 않잖아,True,8
오랜만에 하면 그럭저럭 재밌음,True,8
다시 하는데 재밌음 재밌지말라고,True,8
재미있음,True,8
등장부터 지금까지 그냥 레전드 게임사,False,8
잼씀,True,8
시발,False,3
인간의 밑바닥이 궁금하면 경쟁 10판만 돌려보셈ㅇㅇ,True,8
The people who make Overwatch porn work harder than the people who make Sports 오버워치 포르노를 만드는 사람들은 스포츠를 만드는 사람들보다 더 열심히 합니다,False,8
제발 흥했으면 좋겠는 게임 빛이 보이지 않는 게임 대깨옵인 나도 하다가 얼굴 찌푸려지는 상황이 가끔 나옴 제발 한국섭에서 중국인들 게임 못하게좀 해주라 한국섭에서 중국어로 지들끼리 소통하잖아,True,8
게임은 뉴비를 두번 튕겨냅니다 렌더링으로 한번 튕겨내고 뉴비배척으로 두번 튕겨내죠 개망겜추,False,8
블리자드 새기들 지들이 아직도 옛날 명성 그대로인줄 아는게 역겨움 홍대병 쳐 걸려서 유저 의견은 듣지도 않다가 모양 꼴 오버워치1 방치 해놓고 뭐 말같지도 않은 핑계로 5년 옵2 출시를 미룸 오버워치2를 만드는 이유가 pve 였는데 그것 유기해버림 그냥 유저들 개돼지로 봄 디아블로4도 망치고 이제와서 뭐 하려하지만 그것도 성과가 안나옴 하라는 게임 개발은 안하고 직원들끼리 물빨 하다 성추행 논란이나 터뜨리고 존나 웃김,False,3
유저간 ELO 매칭 개같이 못잡아서 한 쪽이 양학하는 게임이 50 이상임 이게 게임인지 스트레스 제조기인지 모르겠음 이거 할 바에 발로란트 하셈 그냥,False,8
망겜,True,8
해외 대표 정공겜,False,8
망여기까지,False,8
아시발 블리자드 씹련들아 히트박스 쳐올리지 말라고,False,3
굿굿,True,8
할 말이 없네,False,8
나라 인간들은 게임만 처 하면 던질까 진짜 의문이 든다 본인의 부모도 다리 밑으로 던진건가 착짱 죽짱을 실현하고 싶다,False,0
굿,True,8
b사라져버려사라져버려사라져버려사라져버려사라져버려사라져버려사라져버려사라져버려사라져버려사라져버려사라져버려사라져버려사라져버려사라져버려사라져버려사라져버려사라져버려사라져버려사라져버려사라져버려사라져버려사라져버려사라져버려사라져버려사라져버려사라져버려사라져버려사라져버려사라져버려사라져버려사라져버려사라져버려사라져버려사라져버려사라져버려사라져버려사라져버려사라져버려사라져버려사라져버려사라져버려사라져버려사라져버려사라져버려사라져버려사라져버려사라져버려사라져버려사라져버려사라져버려사라져버려사라져버려사라져버려사라져버려사라져버려사라져버려사라져버려사라져버려사라져버려사라져버려사라져버려사라져버려사라져버려사라져버려사라져버려사라져버려사라져버려사라져버려사라져버려사라져버려사라져버려사라져버려사라져버려사라져버려사라져버려사라져버려사라져버려사라져버려사라져버려사라져버려사라져버려사라져버려사라져버려사라져버려사라져버려사라져버려사라져버려사라져버려사라져버려사라져버려사라져버려사라져버려사라져버려사라져버려사라져버려사라져버려사라져버려사라져버려사라져버려사라져버려사라져버려사라져버려사라져버려사라져버려사라져버려사라져버려사라져버려사라져버려사라져버려사라져버려사라져버려사라져버려사라져버려사라져버려사라져버려사라져버려사라져버려사라져버려사라져버려사라져버려사라져버려사라져버려사라져버려사라져버려사라져버려사라져버려사라져버려사라져버려사라져버려사라져버려사라져버려사라져버려사라져버려사라져버려사라져버려사라져버려사라져버려사라져버려사라져버려사라져버려 b,False,8
같은팀은 고아매칭시스템인가요,False,3
개 ㅣ발꺼 남들도 꼭 했으면 좋겠음 나만 당할수 없지,True,3
친구들이 하자고 해서 해봤는데 예전 느낌이 물씬 풍기면서 매칭만 빼면 제가 기억하는 모습의 게임인 같습니다 그래픽도 이쁘고 타격감도 좋은 게임이라 추천합니다,True,8
3년 째 시체에 인공호흡 하는게임,False,8
오만한 게임의 말로 블리자드는 더이상 재미있는 게임을 만드는 회사가 아니다 이것보다 더 나을수도 있었고 더 좋은 게임으로 남을수 있었다 자기들이 제시한 로드맵도 지키지 못하고 핑계 핑계 대면서 P C 함만 강조하다가 게임이 자빠졌는지는 솔직히 지들이 제일 잘 알겠지 제작진의 열정덕에 모이는데 한세월 걸리는 약속시간도 못지키는 머저리들한테 세계평화를 맡겨야한다니 개그프로그램 설정도 이렇게는 안짜겠다 자사에서 미는 런처에서 스팀 가랑이 밑으로 은근슬쩍 밀어넣으면서 잘나신 PVE 내놓으면 킹버워치2를 스팀에서도 즐길수 있다니 너무 좋아라고 DLC도 제일 비싼걸로 다 결제할거라고 본건가 니들 솔직히 말해봐 인터넷상에 오버워치 게임플레이 영상이 인기가 많을지 SFM으로 성인사이트에서 알바뛰는 위도우 송하나 영상이 인기가 많은지,False,8
둠피때매 망한 오버워치1 거기에 PC를 싸서 드셔보세요 지랄났다 블리자드 좆됐다 블리자드 둠망겜이 2탄으로 돌아오다니 진짜 좆같네요 지혼자 스턴걸고 지혼자 날아댕기고 지혼자 탱킹하고 지혼자 보호막 충전하고 지혼자 CC걸고 지혼자 죽창딜 궁극기 쓰는 애미뒤진 개병신 둠피새끼 너프 해라,False,3
붕쉰같은 게임,False,3
키리코 젖1통이 좀만 컷으면,True,5
에휴 시발,False,3
재밌음,True,8
뉴비절단기 크흠크흠 잼있음,True,8
입털면서 노잼드립칠거면 가서 발로란트나해라,True,8
많은 캐릭터와 에임이 부족해도 잘할수있는 캐릭들이많아서 강추드립니다,True,8
시발ㅋㅋㅋㅋㅋ배틀넷에 옵치깔고 스팀에다가 옵치깔수있게 해놨으면 한쪽은 실행 안되게 막아놔야지 둘다 켤수있게 만들어놨네 ㅋㅋㅋㅋ걍 어뷰징하라고 이렇게 처만들어논거임 대놓고 악용하라고 ㅋㅋㅋㅋㅋ유저수 어떻게든 늘릴라고 개발악하다가 검토 1도안하고 스팀에 출시쳐해놨네 걍 운영개판인거 스스로 인증하는꼴이네 개병신 빡대가리 블리자드ㅋㅋ 이딴식으로 운영할꺼면 걍 섭종하자,False,3
옵치 겁나 노잼이고 버그도 많고요 운영도 개떡같고요 걍 하지 마세요 제가 강력히 극구 말립니다,False,8
추억을 느끼기 위해 오랜만에 함 전체적으로 게임이 빨라지고 재미가 없어짐 그냥 재미가없음,False,8
옵치1보다는 재밌음,True,8
개 ㅂ신 ㅈ망겜 똑같에 그냥,False,3
망했는지 알겠음 개추,False,8
많이 바뀜,True,8
탄이 잘 안 튀어서 잘 하기 쉽고 너무 재밌어요,True,8
2016년도였나 오버워치 출시 전에 백스코에서 오버워치 패스티벌을 해서 갔던 적이 맨날 서든과 메이플에 질려하던 날 구원 해줄 게임이라 믿어 의심치 않았다 출시 이후 16년도에 재미있게 플레이 했다 17년도도 재미있게 플레이 했다 달라진게 없었지만 18년도도 그냥 했다 할 게임이 없었으니까 19년도는 욕을 했다 바뀌는게 없었다 했다 스팀에 무료게임이라 적혀있길래 간만에 들어왔다 확실히 게임 자체는 재미있는 부분이 많다 10판중 3판꼴로 보이는 핵 별로 달라지지 않은 게임 2라는 타이틀을 달았음에도 크게 바뀌지 않은 그래픽 그냥 추억 속에 묻어두고 가끔 들어오는 게임으로 영원히 기억 될 것이다,True,8
민규인데여 너무하시네여 한 계정으로 2번 계정을 못만드네여ㅠㅠ,False,8
오버워치 솔직히 재밌는데 저도 오버워치를 중학교 1학년때 2018년 12월 25일 크리스마스에 친구랑 pc방에 가서 오버워치를 처음 했었고 후로도 자주 오버워치 2를 만든다고 기대도 많이 했었고 앞으로의 오버워치가 꽃길을 걸을줄 알았는데 오버워치 2나오고나서 저도 상당히 실망을 했고 에휴 XX 내가 이딴갬 하나봐라 오버워치를 접었었아요 이번에 친구가 오버워치를 하여서 따라해봤는데 솔직히 너무 재미있었습니다 친구와 논게 좋은거 아니라고 물을 수 도 있지만 제가 혼자서 일반 게임과 랭크를 돌리면서 팀원과 소통하면서 게임을 이기기 위한 더 좋은 플랜을 짜가면서 확실하게 게임 재미있다 다시 뜰 수 라는 느낌이 들었어요 저희는 많은 실패를 겪으면서 만들어진 비행기를 보고서 비난하지 않고 자유롭고 멎지게 난다고 감탄합니다 이처럼 과거에 운영이 상당히 좋지 않았지만 현재 잘 나아가고 있는 오버워치를 비난할 필요도 이유도 없지 않을까요,True,8
게임할때마다 부모님 매일 물어보는 개망겜 수준 성격 더러워짐 하지마셈,False,8
낫배드,True,8
다 끝나가는 판에 중간난입 시키냐 씨1발 팟지만 구경하라는거냐,False,3
망겜,False,8
Tank you very much탱커는 너나 많이 하세요,True,8
재밌다,True,8
시발 개 병신같은 겜 휴면이라 해제하려고 인증하니까 등록 안되있다면서 새 아이디를 만드려고 번호입력하니 시발 병신마냥 번호 있습니다 다시 인증하려고 번호치면 번호 등록 안되있음 지랄병 개 병신 뒤진겜,False,3
운영 패치가 날이 갈수록 거지같음 PVE모드 취소 시킨것등 이해 할 수 없는 행보,False,8
재미 좆도 없고 패치는 병신같이하고 오버워치 추억도 날려주고 소통도 안해 방치는 존나잘해 돈은 빨아먹어 미친새끼들인가 이딴 게임은 하면 병신 안하면 정상임 나가 뒤져라 오버워치 2야,False,3
오랜만에 해도 재밌네요,True,8
팀포 흥해라,False,8
굿,True,8
스팀출시갓게임,True,8
나한테 하라고 꼬셔놓고 자기들은 다른겜 하러가네,True,8
pve언제 나옴그래서 pve언제 나옴그래서 pve언제 나옴그래서 pve언제 나옴그래서 pve언제 나옴그래서 pve언제 나옴그래서 pve언제 나옴그래서 pve언제 나옴그래서 pve언제 나옴그래서 pve언제 나옴그래서 pve언제 나옴그래서 pve언제 나옴그래서 pve언제 나옴그래서 pve언제 나옴그래서 pve언제 나옴그래서 pve언제 나옴그래서 pve언제 나옴그래서 pve언제 나옴그래서 pve언제 나옴그래서 pve언제 나옴그래서 pve언제 나옴,True,8
저장공간낭비,False,8
rule34 소스 제공 게임,True,8
개똥 장난 고향으로 돌아가라,False,0
게임은 음,False,8
너무 재밌당,True,8
굿,True,8
솔직히 어디가서 추천할만한 게임은 아님,False,8
무슨망할게임너무쓰레기인데혹평놀기싫어,False,8
할 사람 있으면 괜찮으나 솔큐만 돌릴거면 안하는거 추천,True,8
블리자드가 생각이 없다는 걸 알려주는 대표적인 게임,False,8
숨어있는 옵붕이들 개추 눌러보자,True,3
멍청한 놈을 하는 멍청한 게임 엿 먹어,False,8
재밌어유 아주 칭찬해유,True,8
패치부터 그냥 더 망함 이거 할거면 그냥 발로 함 이러니까 블리자드가 망하지,False,8
유저들 의견 개무시하고 55 좆망겜 밸런스 좆망 운영좆망 지듦맘대로 영웅은 뭐만하면 게이 레즈 양성애자 어휴,False,3
tlqkf 좃망겜 게임은 재미있는데 시발 팀운 좃망겜 재미도 없네 시발,False,3
갓겜 꼭하세요,True,8
게임을 잘 만들어도 운영 망할 수 있다는 사례를 보여준 좋은,False,8
게임이 이상하오,False,8
즐겜,True,8
첫출시때부지 지금까지 하는 유일한 게임,True,8
매칭은 좆버러지만큼도 못잡아주면서 개병신새끼한테 병신이라고했다고 채금먹이는 개 미친 병신 정신병자 트젠 애미뒤진 씨발 PC충새끼 게임,False,3
소 잃고 외양간 부수는 겜,False,8
재밌다,True,8
긍정적인 리뷰 전체 베스트 탑 10을 보세요 리뷰 수준이 유저 수준을 말해줍니다,False,8
재밌누ㅋ,True,8
이번에 9시즌 업데이트한다고 경쟁전 개편했다고 했는데 개편은 지랄하고 팀에서 어떻게든 캐리해도 절대 승리하지않으면 올라가지않는 시스템임 티어 업데이트 디자인은 이상하게됬고 경쟁전 애들은 여기티어아닌애들도 막 섞여있고 티어리셋만 해서 mmr은 그대로에 티어는 올라가긴 개뿔 내려가기만 하고 영웅 자힐 그딴 쓰레기같은 옵션은 왜만들어서 개억까를 시전하고 영웅 특성은 고려해서 만든건지 제작자의 뇌가 의심되는 좇망겜임 옆집에 발로란트처럼 문제없이 운영 잘 돌아가는 게임을 하길 권함 벌레같은 게임을 하는것보단,False,3
애미씨발련들아,False,3
음 유저 수준도 높은 수준이고 할만하긴 그냥 뭔가,True,8
패치는 진짜 에바임 체력 늘려서 잘 안죽는 느낌이 너무 심하게 느껴짐 둠피같은 피 적고 적진에 들어가서 싸우는 애들은 이제 먹고 살게 없어짐 힐러는 전보다 더 살기 힘들어진 감이 있는거 같고 닉네임에 대고 쏴도 헤드 판정이 나냐,False,8
추억은 추억으로 남기는게 맞다,False,8
그냥 음 블리자드 망함 블라자드 망함 겜도 망 쓰읍,False,8
너무좋아,True,8
짱임,True,8
재미는,True,8
이딴게임 왜하냐 스팀에서 깔아봤자 배틀넷으로 어차피 로그인해야하고 뭐 불편한거 드럽게많고 걍 안하는게 나을듯,False,8
한지 3개월 넘었지만 23시간 더하면 500시간 사용자게임이 더 재밌는듯 일반전에서도 팀원들이 너무 예민함 약한 멘탈의 소유자인 나는 니네 아빠라는 챗으로 돌려줄 수 없는걸 게임의 단점 너무 쨍해서 눈아픔 기존 캐릭터는 좋은데 이번에 나온 마우가 스킬이 너무 짬뽕 아닌가,False,8
재미없워,False,8
요즘 정신놓고 옵치밖에안한다,True,8
개재밌음,True,8
게임은 확실히 재미있음 에펙 같은 배틀로얄보단 옵치2가 취향이라는걸 확실하게 깨달았음 핵 문제도 문제지만 게임 자체가 많이 낡아서 그런지 뉴비가 입문하기엔 너무 많이 고인듯합니다 운영은 모르겠고 제발 캐릭터 밸런스 문제만이라도 조금이라도 고쳐주려고 노력해주었으면 좋겠네요 블리자드 색히들아,False,3
FPS 게임 자체가 경험 없는데 일겜에서 못했다고 패작이라면서 신고 하라네요 이제 막 3판 했는데 FPS 자체가 첨이라고 말할려고 했는데 10판 안 채웠다고 그것도 안된다고 하고 게임 자체가 뉴비 배척에 사람들 질도 떨어지나봐요 진짜 병신겜 첨 본다,False,3
고티 직전까지 갔던 게임이 이렇게 꼬라박은 선례가 있나,False,8
똥겜,False,8
위도우 개꿀잼임,True,8
게임은 재밌으나 팀원이 싫고 게임 과거의 잘 만들어서 재밌는 지금의 패치 방향성은 그닥 잘하고 있다는 생각이 들지 않음,False,8
재미없음,False,8
굳ㄷㄷㄷㄷㄷ,True,8
ㅈ같지만 낫배드,True,3
메르시가 없었더라면 전 게임을 진작 삭제했을겁니다,True,8
밸런스 쓰레기 게임,False,8
저급한 인간들이 많다,False,8
히오스인줄 알았는데 일라리 소녀전선 같은 애들 있어서 삭제함,False,8
돈 얻다썻냐 이것들아,False,8
이거지예,True,8
초6때 친구들이랑 피시방에서 즐겁게 하고 저의첫 게임이 오버워치였기 저는 좋게 주겠습니다 추억때문에,True,8
재미없어서 하루에 한번밖에 못하겠어요,False,8
반년에 한번씩하면 재밌음,True,8
굳이 말을 해야 아나,False,8
게임을 1시간만했는데 쉽게 질리네요,False,8
재밌음,True,8
뽀뽀해버린다,False,8
이제 블리자드 지워도 되네,True,8
가게 정상 영업 합니다,True,8
옵치에서 오목하기,False,8
병신겜,False,3
블리자드 승우아빠같네,False,8
쓰레기겜,False,8
개좆망겜 존나 병신같은 겜,False,3
왜인지 알잖아,False,8
신케 ㅈ망겜 신케없음 겜이 안돌아감,False,3
내가 결제 했었던 것들은 없고 게임이 고여서 일반겜에서 입구컷 당함 일반게임 쥰내 해서 영웅 하나하나 얻어야하는것도 엿같고 다 엿같음,False,3
로그인 페이지 자동으로 새로고침좀 시켜라 씨애발미진뒤련들아 아님 한번 나갔다가 들어오라고 말을 하든가 뻉뺑이 존나돌리네,False,3
pve 상태는 별로였고 무엇보다 벨런스가 너무 이상해졌다 이게임 한국인 유저수준은 중국인 보다 못한 수준이다,False,0
마ㅇ 겜,False,8
시ㅣ1ㅏㄹ 오버워치2ㅡㄹ 만든 이유가 뭐였ㄷ건거임 pve도 좆망했고 pvp도 바뀐게 뭔ㄷ ㅔ대체 옵치2로 보여주고 싶었던게 무ㅝ였는데 븅신ㄱ,False,3
블쟈가 만든 쓰레기중에,False,8
에임랩,True,8
재밌는겜이 없다,True,8
매판 핵쟁이 찾는 게임으로 바뀜,False,8
정말 재밌다,True,8
걍 좋음ㅈ,True,8
갓 버 워 치,True,8
그럭저럭 할만함,True,8
이거 가끔씩 해야 재밌음 자주하면 그냥 쓰레기에서 개똥쓰레기됨ㅇㅇ,False,8
망겜,True,8
갓겜을 망치는건 운영진들의 운영문제가 주요한 원인이지만 대게 보통 모든 갓겜을 망치는 야발점은 유저다,True,8
설치를 마치고 첫 판을 돌렸는데 핵쟁이한테 썰리고 삭제했습니다,False,8
똥겜,False,8
재밌긴함,False,8
짱임,True,8
메치메이킹 최악 임,False,8
good 좋다,True,8
니애미,True,3
개인적으로 할만함,True,8
엄뒤,False,3
으 이게 뭐야,False,8
재밌어요,True,8
패작러 부계 핵이 아직 개많음,False,8
오바 씨발,False,3
리퍼는 재밌음 건 재미없음,True,8
재미도 감동도 없는 겜,False,8
망겜,False,8
재미있음,True,8
심각한 수준의 남탓 게임 PVP 게임이 그렇듯이 이기면 자기탓 지면 남탓이 흔하게 있지만 게임은 도가 지나친 수준입니다 플레이 하는 연령이 어리다는 말로 설명이 되는 게임이 아닙니다 롤이나 카스 발로란트 같은 게임과 비교해도 말도 안될 정도로 남탓만 하는 게임입니다 정치질을 하고 싶다면 하세요 FPS 게임이 하고 싶다면 게임은 맞지 않습니다,False,8
옵치 초심 잃었다 옛날같으면 요원 그냥 프리게 주고 하던 옵치 어디갔냐 상자시스템은 어디갔어 그재미에 했는데 이제는 상점을 이용하고 요원을할려면 배패를 사야하니 마니 현질유도 너무 심해졌잖아 이건 아니지 옵치 유료에서 무료화될때도 서글펐는데 무료로 봐꾸더니 현질유도가 너무 생겼어,False,8
겜 6년했는데 재밌는건 확실하지만 6대 그대로 쭉 진행했다면 괜찮지않았을까 탱커하는데 스트레스를 너무 많이 받음 상대 조합에 탱커를 계속 바꿔줘야하니 내가 하고싶은 챔프를 하지못하게 됨 탱커가 한명으로 줄으니 부담감도 더 커지고 정치대상 1순위 인플레이션때문에 개못하는 샛기들도 그마 쳐달아서 할맛떨어짐 죽빵마려움 물그마셰끼들 지금은 첫배치로 그마 달 정도로 그마가기 쉬워져서 티어 올리는 재미가 사라짐 점수제 도입이 시급하다고 생각함,False,3
폰허브 야동 원툴게임,False,3
말하는 것만 들어보면 유저 전체 그랜드마스터 누적 10 마스터 누적 50인 게임,False,8
개병신게임,False,3
운영 개망겜,False,8
님들 아무리 망겜이라지만 오버워치는 게속 새로운 것에 도전하고 있으니깐 게쏙 망겜이다망겜이다하지 마시고 한번만 해보세요 한 50시간만 플레이 해보면 아주아주 재밌습니다,True,8
재미있음,True,8
애비 지지야 지지,True,8
망령들만 남은 게임입니다,False,8
재미있음,True,8
화병으로 뒤지면 임마떄문임,False,8
진짜 보면 개쩌는거 아니냐 애내가 3D 포르노의 한 획을 그었다 농담으로 말하는게 아니라 3D 포르노는 진짜 오버워치 나오기 전과 후로 나눠는데 전 까지는 대부분 SFM로 만든 떨어지는 퀄리티 짧은 런닝타임이 대부분 이였는데 야겜 나오고 나서 만지기 어렵다는 Blender 3D로 만든 오버워치 영상 슬슬 나오더니 퀼리티 쩔고 긴 런닝타임 영상들이 우후죽순 뿜어져 나오고 한때 포르노 허프 순위권 죄다 오버워치 였음 정말 어마무시한 열풍이였음 정말이지 오버워치라는 포르노 카테고리를 설립했다라고 해도 부족할 3D 포르노계에서 역사적으로도 기념비적 작품임 블리자드는 고민하고 있을껄 진짜 자존심 다 버리고 본인들이 직접 공식으로 오버워치 3D 포르노 만들지 진짜 돈 쓸어 담을듯 수많은 사람들을 위로 해줬던 작품인데 솔직히 게임 나쁘다곤 못하겠다,True,3
병신같은 게임,True,3
디바 키리코 머꼴,True,8
재밌땅,True,8
니 ㅐ미,False,3
중1시절부터 지금까지 옵치해본 사람으로서 대가리 깨져있습니다,True,8
개망겜,False,8
걍 fps 1등임,True,8
운영도 밸런스도 다 내다버린 게임 할 게임이 없어서 하는 게임 패치도 지랄맞게 하는 겜,False,3
개 미쳤다 진짜 할말이 이거 밖에 없음,True,8
놔줘라 추억까지 더럽히진 말고,False,8
왜함,False,8
재밌음,True,8
게임은 재밌는데 유저들이 겜 망치는듯 처음 하는거라 잘모르는데 무조건 뭐라하고 한명은 비꼬고 걍 하기 싫어짐 랭도 아니고 빠대인데 유저들떄문에 뉴비는 떠납니다,False,8
우리집 강아지도 즐겨하는 국민간식 게임,True,8
옵린이,False,8
걍 개재밌음,True,8
5안궁 쓸떄 쾌감이 지짐,True,8
굿,True,8
재밌어요 해주세요 제발제발제발 게임 망하면 안 된다 게임 망하면 안되 제발 비추좀 그만해 애들아 담주에 컴와서 옵치 제대로 할 꺼라고 키리코 개꼴려,True,8
회사 게임을 능력도 없이 배끼면 되는지 잘 보여준 사례,False,8
씨발년들 초창기부터 해줬더니 유저를 좆만하게 보네 좆같은 아나는 관짝에 안박고 투방처럼 좆같이 패치하냐 투방워치 아나워치 소전워치 씨 발 페미 bbc빨이 같은 좆더러운짓도 탱커는 인권운동가로 만들고 자빠졌네 고아인가 망할 애미가 반토막이 나서 주술회전이랑 콜라보 쳐박고 있는건가,False,3
FPS라는 겜중에서 제일 재밌습니다 오버워치 하세요,True,8
좋은 겜입니다,True,8
경쟁전이 많이 이상해요,True,8
에임 연습으로 자주 할꺼같네여,True,8
여러 콘텐츠 제작과 신규 캐릭터을 활발하게 추가시켜서 게속 재미있게하고 여러나라의 축제행사을 한다 이것뿐만이 아니라 요즘에는 한국 여자아이돌인 르세라핌과 콜라보을 하여 르세라핌 스킨등을 판매하였고 올해가 청룡의 해여서 청룡의 해 관련 이벤트을 할 예정이라 신규유저나 복귀하려는 사람이 많았으면 좋을,True,8
할꺼 없을때 하기좋음,True,8
옵치 해왔던 사람으로써 핵도 많이 없어지고 확실히 재밌어 지긴함 1탱으로 줄며 탱커의 중요함이 늘어나며 많은 피지컬을 요구 ㅅ123ㅂ 마우가 너프해 진짜,True,3
약속 해놓고 안지킬꺼면 그냥 아무것도 하지말던가,False,8
망해버려 솔하 작성,True,8
오버워치도 나락갈 수,False,8
딜리아 최고,True,8
아오 뭔 게임이 있냐 힐러는 아나 필수고 몇몇 탱들은 쓰레기임 딜러도 다 에임 캐릭터고 게임 좋아하신다면 팔라딘스라는 게임 추천합니다 그래픽은 떨어지지만 게임성은 훨 좋음,False,8
사람이 문제지 게임은 재밌음ㅇㅇ,True,8
출시 당시 최고의 게임 최고의 기업 현재 최악의 게임 최악의 기업 이때까지 기다려주고 게임을 계속 플레이하는 유저들을 호구로 보고 회를 거듭할수록 나아지기는커녕 나락으로 치달으며 답이 없다 할 사람이 없을 FPS 게임이 생각나면 가볍게 접속해서 하기 좋았던 게임이 지금은 게임을 시작하면 내가 게임을 하고 있는 걸까라는 생각이 들며 금방 게임을 끄게 된다,False,8
낙사충 당하고 화가 잔뜩 난 적 하고 채팅하는게 진 컨텐츠 전챗 사라지면 겜 접을 때가 된거다 이기는것보다 트롤하는게 더 재밌음,True,8
랭커 찍고 접었습니다 하지마세요,False,8
낭만,True,8
히오스처럼 유기될 거 같은 막장스런 게임 분위기 시즌 9에서 개선이 별로 안된다면 같은 대깨옵도 더는 못 버틸 가뭄에 콩 나듯 비슷한 대전 상대와 혼신의 힘을 다한 게임을 하는 재미가 있지만 이제는 20판은 해야 한 판이 그런 판이다 pve 유기했으면 경쟁이라도 살려라,False,8
게임을 두글자로 표현하라고 하면 이렇게 말할것이다 퇴물,False,8
탈주 불이익 만든거임 이거 게임 만든 애들은 게임 안해봤나 애들이 게임 던지고 있는데 나갈수도 있지 그따대고 불이익 ㅄ들인가 이러니까 게임이 망해가지 진짜 패치 하나는 뒤지게 못한다,False,3
ㅈ같은 겜 쳐다도 안본다 다시는,False,3
인게임도 병신인데 게임 외적으로도 병신 자체임 절대 플레이하지 마십시오 좆망겜 JOAT,False,3
앙 갓겜,True,8
마우가 너프나 해라 벌레 게임,False,8
아직도 고급시계 아니야,False,8
진짜 게임 뭐같이 만들어 뒀네 오버워치 돈주고 구매해서 배틀넷 계정도 있구만 뭘 자꾸 그림을 맞추라는 둥 휴먼계정도 풀려고 인증을 몇번을 했는데 오버워치 게임만 계속 안 된다고 오류뜨고 10번도 넘게 인증하고 이메일 받았다 쓰레기 게임아,False,8
재밌어요 무료에다가,True,8
추천합니다,True,8
너네는 그냥 쳐 망하고 회사가 운영 하는게 더 이롭겠다 색종이 가지고 비행기나 쳐 만들고 있네,False,3
모든 캐릭터가 도전과제를 꺠야하는 뺴고 좋음,True,8
회사가 운영을 못하면 생기는,False,8
옵치가 뭐 옵치지 뭐,True,8
가슴 속에 묻어둬야하는 게임이다,False,8
병신겜,False,3
디바 나오면 자리야 나오면 윈스턴 나오면 디바 나오면 자리야 나오면 윈스턴 나오면디바 나오면 자리야 나오면 윈스턴 나오면디바 나오면 자리야 나오면 윈스턴 나오면디바 나오면 자리야 나오면 윈스턴 나오면디바 나오면 자리야 나오면 윈스턴 나오면디바 나오면 자리야 나오면 윈스턴 나오면디바 나오면 자리야 나오면 윈스턴 나오면디바 나오면 자리야 나오면 윈스턴 나오면디바 나오면 자리야 나오면 윈스턴 나오면디바 나오면 자리야 나오면 윈스턴 나오면디바 나오면 자리야 나오면 윈스턴 나오면디바 나오면 자리야 나오면 윈스턴 나오면디바 나오면 자리야 나오면 윈스턴 나오면디바 나오면 자리야 나오면 윈스턴 나오면디바 나오면 자리야 나오면 윈스턴 나오면디바 나오면 자리야 나오면 윈스턴 나오면디바 나오면 자리야 나오면 윈스턴 나오면디바 나오면 자리야 나오면 윈스턴 나오면디바 나오면 자리야 나오면 윈스턴 나오면디바 나오면 자리야 나오면 윈스턴 나오면디바 나오면 자리야 나오면 윈스턴 나오면디바 나오면 자리야 나오면 윈스턴 나오면디바 나오면 자리야 나오면 윈스턴 나오면디바 나오면 자리야 나오면 윈스턴 나오면디바 나오면 자리야 나오면 윈스턴 나오면디바 나오면 자리야 나오면 윈스턴 나오면디바 나오면 자리야 나오면 윈스턴 나오면디바 나오면 자리야 나오면 윈스턴 나오면디바 나오면 자리야 나오면 윈스턴 나오면디바 나오면 자리야 나오면 윈스턴 나오면디바 나오면 자리야 나오면 윈스턴 나오면디바 나오면 자리야 나오면 윈스턴 나오면디바 나오면 자리야 나오면 윈스턴 나오면디바 나오면 자리야 나오면 윈스턴 나오면디바 나오면 자리야 나오면 윈스턴 나오면디바 나오면 자리야 나오면 윈스턴 나오면디바 나오면 자리야 나오면 윈스턴 나오면디바 나오면 자리야 나오면 윈스턴 나오면디바 나오면 자리야 나오면 윈스턴 나오면디바 나오면 자리야 나오면 윈스턴 나오면디바 나오면 자리야 나오면 윈스턴 나오면디바 나오면 자리야 나오면 윈스턴 나오면디바 나오면 자리야 나오면 윈스턴 나오면디바 나오면 자리야 나오면 윈스턴 나오면디바 나오면 자리야 나오면 윈스턴 나오면,False,8
이게 게임이노,False,8
튕기는데 왜왜왜왜왜왜왜오애왜왜왜왜왜왜왜,False,8
진짜 개노잼,False,8
아주좋은,True,8
옵치1 안하다온 사람 입장에선 재밌음 옵1 안하다온 나도 pve 전면유료가 ㅈ같은데 옵1하다온사람들이 ㅈ같을진 상상이 안감,True,3
매칭 엿같은,False,3
개인적으로는 재미있네용,True,8
굳이 이것을 10000원 넘게 가성빈 아니다 그때의 영광은 못살린다,False,8
리뷰 보고 하지말까 고민 했는데 고민한 시간이 아깝네요 오버워치1 하다 몇년 안하고 롤 스팀겜 즐기다 할게 없어 했는데 너무 재밌습니다 케릭 밸런스도 좋고 과금요소 는 배틀패스 말곤 없어요 스킨 관심없으면 무과금 됩니다 12400원이 배틀패스 구입할돈 없는 분들이 불평이 많은듯합니다 가서 메이플이나 하세요,True,8
GOTY 에디션 5만얼마 주고 샀지만 무료화 이후 돈주고 준 사람에게 충분한 보상을 해주지않고 운영을 그지같이 함,False,8
난옵치사랑하는데이제망해서증오하면서사랑함,False,8
게임 한 번 ㅈ같네,True,3
모두가 아는 게임,True,8
씹 창렬겜이 다 됬네 스킨 캐릭터 새로 나오면 그냥 침 줄줄 흘리면서 쳐다만 보고 있으면 됨 밥 한 숟갈 떠 먹으면 될듯,False,3
킹갓제너럴개꿀잼 꼭 해보시길 추천드립니다,True,8
게임의 화질과 스킨무기들이 더 예쁘다,True,8
재밌어요,True,8
스토리 안보면 꿀잼임,True,8
한숨 싫어할수도 좋다고 할수도 없는 애매한 게임 뭐 오버워치가 아름다웠는지 이제 다시 생각났네,True,8
이정도면 나름 할만하다고 생각됨,True,8
오버워치 좋았다 때가 그립습니다,False,8
장점 겜을 너무 잘만듬 단점 겜을 너무 잘만듬,False,8
아주 잘됨,True,8
정말 재미있어요,True,8
1때가 좋았다,False,8
정공 포트폴리오로 유용하게 사용할 수 있는 게임,False,8
한번해볼까하고 깔아봤는데 은근개꿀잼,True,8
망겜,False,8
현질이 개창렬임,False,3
좋아요,True,8
원래는 다음번에 와서 놀고 싶었지만 엄마는 뜻밖에 핸드폰 검증까지 해야 했다 블리자드의 어머니가 죽고 인생 첫 게임평론을 남겼다,False,8
재밌음,False,8
아시죠,False,8
바스티온 버프 해주세요,True,8
재밌다,True,8
개씹대작 IP를 만들어내고도 말아먹은 블리자드에게 경의를,False,3
할만 함,True,8
중국병신겜 하지마세요 나빼고 다중국인이고 아무리 실버여도 예전에 이정도까지 못하진않았어 애들이 병신겜 진짜 이거할시간에 다른겜하셈,False,0
PC주의 페미니즘 만세,False,8
갓겜,True,8
게임한테 구구절절할 필요가 없음 걍 병신게임,False,3
징징대는 친구들이 많음,False,8
수라바사 뉴 정크 시티 만든 거임 로봇 밀기도 노잼인데 플래시 포인트에 선녀임 중도난입 시켰으면서 나가면 패널티 받는 거 짜증남 일반전 50판 돌려야 경쟁하는 것도 빡침 계정 새로 만들었더니 50판 이기고 오라니 개짜증남 사용자 평가ㅏ가 압도적으로 부정적인데에는 이유가 있음 글고 솔직히 5대 노잼임 6대 6으로 롤백 해줘라,False,8
재밋다,True,8
오버워치가 다시 되살아니길 기원합니다,False,8
개는 유희를 조금도 하지 못한다,False,8
너무잼잇어여 오래하기는조금힘들듯해여,True,8
박주환윤현,True,8
블리자드의 황금기와 쇠락기를 상징하는 게임,False,8
부정적인지는 해보면 알게 될거임,False,8
편하게 스팀에서 실행해서 좋음 그게 끝,True,8
모드가 너무 재미없어서 배성근 한테 따지고 싶을정도임 참신한것쫌 만들어봐라 배틀로얄이라든가,False,8
좆망겜 유저가 좆같음,False,3
계정연동어떻게하냐 시발 블리자드앱을 설치하라는것가 자꾸 큐알코드뜨고 찍어도 안되고 시발,False,3
에임 좆도 안좋으면서 끝까지 딜러하는새끼들 망치로 대가리 꺠고싶네 씨발,False,3
플래시포인트는 조만간 호라이즌이랑 쓰레기통에서 쎄쎄쎄하고 있을거다 20231209 마우가 개 Tㅣ발 얘나오고 자유는 3탱메타임 탱 1명으로 힘들다고하니까 지옥에서온 3대 500 기관총맨을 내놓냐,False,3
애미,False,3
오버워치가 갓겜 맞죠 아니야,False,8
가끔하기 좋음,True,8
로그인부터 안되잖아 시발련아,False,3
개 비융신 게임,False,3
5년 전에 섭종한 게임아닌가요,False,8
